lon,lat,label,cause,year,doy,vcf_tree,vcf_herb,vcf_bare,vcf_herb_2km
-82.36378889,33.26081111,1,1,2020,195,3,76,21,54.31689014396017
-82.4109,29.2844,1,1,2017,80,3,78,19,68.63083060152454
-80.811607,33.145111,1,1,2018,71,38,50,12,42.825033567648696
-84.51202407,30.30195566,1,0,2020,132,50,40,10,43.73419821100647
-89.45459089,31.98854227,1,1,2018,49,74,16,10,22.26228375069121
-89.52722222,30.69916667,1,1,2020,56,44,45,11,45.27723358875108
-78.394481,34.840862,1,1,2019,146,19,66,15,55.21702119255002
-85.13506667,33.88228333,1,1,2020,93,62,28,10,35.43767154394487
-78.066185,34.189226,1,1,2017,334,24,62,14,49.887269711509965
-82.2595,27.7531,1,1,2017,185,19,69,12,71.05559725075051
-83.744925,33.08621111,1,1,2020,93,35,55,10,42.09285474540464
-78.649729,36.228923,1,1,2017,45,34,55,11,46.611103430568996
-82.526237,35.442667,1,1,2017,65,30,52,18,54.18968445164092
-90.3524,30.7773,1,1,2020,163,27,62,11,50.573304892259685
-79.974158,34.871441,1,1,2018,65,26,61,13,52.64674868189807
-82.138855,35.307194,1,1,2018,13,17,67,16,56.38571654227385
-81.88738611,31.65144722,1,1,2020,262,28,63,9,58.66092056157813
-80.4906,36.239817,1,1,2020,58,36,53,11,44.410185020634636
-91.72,32.0965,1,1,2019,262,17,69,14,63.975590488980146
-79.681381,35.47083,1,1,2018,99,39,52,9,49.11200410734384
-84.17894444,31.12666389,1,1,2020,99,32,57,11,54.84488070785274
-81.197304,32.973949,1,1,2018,16,21,60,19,54.84138394091395
-80.348004,35.269745,1,1,2019,257,22,64,14,57.824059081394886
-81.472992,33.753628,1,1,2017,65,35,54,11,59.15206745389203
-84.36028889,32.59864167,1,1,2020,303,5,76,19,57.9314443676572
-82.76330556,32.48763333,1,1,2020,228,23,64,13,52.885175021223674
-81.8133,28.5842,1,1,2017,100,30,55,15,57.987118340927495
-85.684,33.797,1,1,2017,81,48,45,7,49.512498519132826
-81.4697,27.3936,1,1,2019,171,17,67,16,70.22861615926544
-83.26498889,34.43429444,1,1,2020,143,12,70,18,53.733661098606014
-78.112974,34.970263,1,1,2017,54,11,73,16,64.84802653661616
-88.037,31.227,1,1,2019,84,34,54,12,46.50786064149155
-84.50138889,35.06277778,1,1,2017,89,62,30,8,28.698487600694992
-87.238,31.601,1,1,2020,130,58,40,2,34.16263132948891
-79.330589,34.432095,1,1,2019,177,12,71,17,50.11188769768404
-81.3854,27.4304,1,1,2017,75,24,61,15,61.65040184830474
-79.991183,35.709567,1,1,2017,32,35,57,8,47.53290475384876
-89.09328539,31.08656569,1,1,2020,35,51,39,10,41.62286504097147
-85.775,31.093,1,1,2019,276,15,69,16,66.14541828736154
-80.366264,36.261962,1,1,2017,35,12,58,30,59.66049955573107
-80.555754,35.713775,1,1,2020,359,41,50,9,47.855249644493604
-82.63183889,30.85025833,1,0,2017,142,34,56,10,39.97208071713461
-80.6927,27.1806,1,1,2017,74,31,42,27,50.05557311004031
-83.24108333,31.72983611,1,1,2018,265,12,73,15,66.94850124402672
-80.998809,36.002463,1,1,2017,12,59,34,7,46.069503406061806
-81.31891,35.813682,1,1,2020,321,26,63,11,54.34415668361632
-80.282906,33.719002,1,1,2018,129,9,76,15,68.11936496653043
-85.0897,30.05578,1,0,2019,256,54,39,7,38.652609133447854
-84.209,30.1563,1,1,2017,137,32,56,12,42.4848091510161
-81.89633056,32.17349167,1,1,2017,88,31,56,13,52.746153998064656
-79.419716,34.45068,1,1,2019,138,6,76,18,65.59602740537447
-83.37431667,31.8674,1,1,2017,248,33,56,11,55.31234819013013
-82.6516,29.7479,1,0,2019,147,3,68,29,64.65708191800302
-83.01288889,32.45502778,1,1,2018,107,58,30,12,52.858981953165106
-78.079904,35.442043,1,1,2019,35,7,74,19,60.70334096832795
-81.44603,30.900278,1,0,2017,93,10,43,47,30.90587666597609
-83.36610556,30.80163611,1,1,2018,76,18,67,15,60.734849831171125
-86.5102,35.021017,1,1,2018,255,16,65,19,66.80259494045856
-88.057,33.396,1,0,2017,91,50,40,10,41.46205343918481
-82.5876,29.3504,1,1,2020,30,28,60,12,62.7611713366112
-87.0267,30.3897,1,0,2019,225,44,44,12,59.35634991916653
-79.401865,34.912609,1,1,2018,89,49,40,11,59.239698303946916
-82.90122222,31.54681667,1,1,2017,45,5,78,17,67.72572139598273
-84.37467222,33.05633889,1,1,2019,269,38,52,10,48.10745808897574
-80.144289,36.200448,1,1,2017,345,33,55,12,54.1945618261522
-84.67,30.3575,1,1,2019,63,34,54,12,41.100035543619924
-92.5856,30.9296,1,1,2017,328,27,60,13,42.108675907277984
-90.7289,30.9154,1,1,2017,34,58,30,12,35.283573248030336
-88.39,31.359,1,1,2019,275,31,56,13,39.499397744999314
-81.869209,33.621002,1,1,2017,230,31,57,12,55.89080210102287
-84.68095833,32.12285,1,1,2017,28,16,68,16,52.39224010267548
-83.723575,33.90294167,1,1,2017,15,32,58,10,53.525955178201215
-93.16587648,31.02053553,1,1,2020,217,48,44,8,50.24857351576537
-82.16363,30.71265,1,1,2017,187,42,47,11,49.65831665685696
-87.0919,30.4704,1,1,2019,88,55,34,11,47.43452561382236
-83.75959167,32.300325,1,1,2019,147,14,74,12,67.83065105349418
-91.9658,32.9959,1,1,2019,243,43,46,11,41.3671510939104
-83.357325,32.37215833,1,1,2017,55,24,64,12,63.687899226343944
-82.89288889,31.92547222,1,1,2017,81,43,45,12,50.479466119096514
-82.39293611,31.90835556,1,1,2019,275,5,72,23,60.408320827738734
-81.224495,33.822689,1,1,2019,6,17,71,12,68.79656799826228
-82.7733,33.44023056,1,1,2018,61,23,66,11,36.29465079082992
-84.1019,36.342883,1,1,2020,99,22,63,15,42.657411978436436
-80.406571,36.316183,1,1,2017,65,31,59,10,56.554616538977974
-84.341,30.4893,1,1,2018,72,51,42,7,53.666107150615126
-87.157,31.275,1,1,2018,128,31,59,10,38.54060938765032
-82.346483,36.2162,1,1,2017,330,39,48,13,39.87688328100626
-92.7717,31.8093,1,1,2017,84,42,46,12,44.00276483134528
-93.123,32.7885,1,1,2017,77,52,38,10,34.73757898894154
-87.805,34.998,1,1,2017,101,26,60,14,54.26457230866441
-82.7579,30.1292,1,1,2020,134,19,66,15,60.86605185726414
-83.49043889,32.94674722,1,1,2018,52,28,60,12,47.84545669944319
-79.504044,33.910431,1,1,2017,330,43,45,12,58.1682890709843
-82.5304,28.5153,1,1,2017,19,13,76,11,71.61841481715506
-80.460526,34.377895,1,1,2017,201,31,57,12,55.44463093874648
-86.74,31.479,1,1,2019,90,23,64,13,44.91890771235637
-82.4183,28.6988,1,1,2020,80,56,37,7,54.98574080657264
-91.509,32.337,1,1,2018,30,23,65,12,61.935842499160785
-76.085354,36.263168,1,1,2019,337,26,61,13,61.975460122699396
-84.8821,36.1557,1,1,2017,100,36,53,11,42.40317134337787
-80.19075,34.237907,1,1,2020,58,16,69,15,52.58324119412418
-82.87198889,31.47644167,1,1,2019,263,9,69,22,68.20824530574367
-89.31476542,34.92249101,1,1,2017,279,10,75,15,62.11128223354265
-79.760067,34.90992,1,1,2017,206,12,72,16,61.0056674565561
-85.3902,30.05,1,1,2017,100,9,53,38,57.37648376793631
-88.065,31.14,1,1,2018,61,19,68,13,48.217206721560736
-84.28722222,32.84055556,1,1,2019,65,55,35,10,44.13003988468981
-82.425,34.02305556,1,1,2019,282,29,59,12,42.81210996129236
-83.69902222,31.26040556,1,1,2017,273,10,71,19,67.09634866407316
-85.72,32.383,1,1,2019,27,13,73,14,54.263569411811154
-85.08533333,31.27864722,1,1,2020,310,24,62,14,51.117568074561156
-85.5201,30.4373,1,1,2020,130,6,77,17,66.27900547030825
-81.8341,26.5806,1,1,2020,43,17,77,6,64.19312660477979
-85.12464722,34.69205833,1,1,2017,159,52,40,8,49.018145201097816
-79.286872,35.500164,1,1,2018,60,48,40,12,39.13938975017281
-80.400658,33.498814,1,1,2019,331,35,54,11,44.70375574859479
-81.364524,36.499245,1,1,2019,127,35,53,12,41.39359706120514
-81.3835,27.2015,1,0,2017,146,11,77,12,70.71797555340537
-88.038,31.207,1,1,2017,328,42,50,8,44.96214305462299
-78.2127,36.1435,1,1,2019,43,47,44,9,45.44232060345167
-89.2554341,32.78260774,1,1,2017,25,33,57,10,43.88670826093822
-88.86,33.18805556,1,1,2019,322,39,51,10,39.29472520094003
-82.512502,35.304037,1,1,2018,60,58,32,10,36.917823639774866
-83.37870833,33.18676667,1,1,2020,124,32,59,9,48.49921664912894
-86.808,34.059,1,1,2019,272,38,52,10,46.84020934136467
-81.92164444,32.71731667,1,1,2018,154,54,35,11,53.657995575570844
-81.34931944,31.23543333,1,1,2020,84,37,50,13,33.423822177932784
-79.830117,35.958367,1,1,2020,69,36,52,12,52.85939937212471
-84.57784444,33.13559444,1,1,2017,289,37,54,9,46.63784253336494
-85.623,32.145,1,1,2020,124,25,63,12,47.89115323854659
-84.35388889,30.845,1,1,2020,81,57,29,14,61.45231935859714
-88.91066534,31.14740571,1,1,2020,76,58,32,10,33.38696695148787
-82.3558,29.0603,1,1,2017,139,4,81,15,66.83798673090595
-85.670917,35.4636,1,1,2017,44,35,56,9,42.45741991547182
-87.521383,35.572433,1,1,2018,237,55,36,9,42.03125678744199
-89.50995331,30.70919847,1,1,2017,62,55,36,9,40.77970619594836
-80.672,27.2884,1,0,2019,197,21,73,6,69.51396184683436
-88.50388889,32.23638889,1,1,2019,151,49,40,11,30.214493039786745
-89.60107199,31.14361011,1,1,2018,71,23,67,10,49.44996050552924
-80.3771,25.5105,1,1,2018,262,6,82,12,68.59047483245402
-81.6741,26.6582,1,1,2019,102,17,66,17,62.12036488567705
-88.07,31.109,1,1,2019,77,15,68,17,50.61719984202213
-77.684038,36.393921,1,1,2019,145,13,67,20,57.77007068672749
-82.358741,35.917341,1,1,2017,45,27,59,14,55.25786834103385
-88.82666667,34.71444444,1,1,2019,83,35,56,9,50.22195015994628
-81.85375278,31.66020833,1,1,2020,130,18,65,17,55.620693157809185
-88.144,33.249,1,1,2020,289,56,32,12,44.979682100898394
-83.31547222,32.36432778,1,1,2019,283,29,61,10,63.37916460945988
-85.731,34.326,1,1,2020,320,17,71,12,50.94601110165713
-83.1483,29.3289,1,0,2020,142,30,58,12,51.61554898840646
-85.69368456,33.59199635,1,-1,2020,129,64,29,7,34.77970184618422
-82.35055278,31.57364722,1,1,2019,80,15,71,14,57.88778754072467
-83.10643333,32.36898611,1,1,2020,190,26,64,10,63.75975910751307
-81.447311,35.134712,1,1,2017,343,24,63,13,52.24098574305909
-81.6254,27.9691,1,1,2020,59,15,72,13,68.90757414208426
-93.3486,31.1596,1,1,2020,94,22,67,11,49.99111409501996
-85.09241944,31.82202778,1,1,2019,85,30,57,13,52.36732356542001
-89.88946719,31.38033187,1,1,2017,122,60,29,11,36.669042588899636
-82.94416667,31.54166667,1,1,2019,187,53,34,13,59.65836031909012
-88.149,34.388,1,1,2017,6,51,40,9,46.408380064765836
-81.3527,29.3078,1,1,2017,29,45,48,7,53.1389947664659
-79.154447,35.325472,1,1,2017,25,33,57,10,53.70258688783569
-84.74222222,33.77361111,1,1,2018,288,37,55,8,57.75881609603915
-85.4712,30.44,1,1,2020,46,3,78,19,70.17195490354807
-90.39718629,31.11796268,1,1,2018,59,56,29,15,46.57660860291504
-85.12333333,34.64942778,1,1,2017,102,26,65,9,51.374933354396674
-86.8529,30.7396,1,1,2017,76,26,60,14,53.80751081011709
-81.4322,27.7547,1,0,2018,230,43,45,12,53.50518334221907
-80.552017,35.21375,1,1,2018,3,25,63,12,60.53570864275558
-86.3026,30.9096,1,1,2018,115,44,44,12,54.9295079377616
-79.740074,34.073387,1,0,2019,149,19,65,16,57.759576652713065
-82.75403333,31.05281944,1,1,2018,58,22,67,11,56.6765129825254
-84.93093889,31.41680556,1,1,2018,264,18,68,14,60.79466978885536
-87.907,30.736,1,1,2018,126,61,30,9,32.36141009183371
-80.153557,35.748492,1,1,2018,60,34,54,12,46.13246327594374
-80.664297,35.105841,1,1,2019,37,18,68,14,62.162164296998405
-79.086666,35.274978,1,1,2019,175,21,66,13,57.12484941840948
-83.03944444,31.04694444,1,1,2019,151,38,50,12,49.516664034117866
-81.037162,35.731864,1,1,2018,3,38,50,12,51.037675493158005
-79.087456,34.785492,1,1,2019,38,36,51,13,62.66442170959076
-84.62359167,30.91076667,1,1,2017,61,29,59,12,63.67103730179103
-81.013496,33.520866,1,1,2019,145,20,63,17,54.558511058451806
-82.020546,34.923576,1,1,2017,65,26,59,15,57.83135860979463
-75.8681,36.2168,1,1,2019,239,18,67,15,59.21827538310902
-89.78666667,33.87,1,1,2017,284,41,49,10,54.80313400208389
-93.2718,30.9583,1,1,2018,243,20,65,15,49.45869621028099
-82.5015,29.6761,1,1,2019,105,24,62,14,52.867790787213494
-87.0411,35.0117,1,1,2017,98,10,73,17,61.54308114619746
-84.92707222,31.10010833,1,1,2017,124,25,62,13,70.62643156148802
-78.877167,34.810133,1,1,2019,91,7,77,16,60.18797883263564
-88.159,33.217,1,1,2019,275,50,39,11,39.46113437080338
-78.031563,35.614017,1,1,2017,29,15,68,17,59.99626777251185
-83.9322,30.2372,1,0,2019,210,34,55,11,49.11718472293533
-81.4821,30.09,1,0,2019,146,53,39,8,53.50582497433062
-77.072711,36.242111,1,1,2020,194,18,68,14,51.552474621795604
-80.439739,35.00258,1,1,2020,71,18,68,14,66.27658650238914
-88.44510335,30.88376989,1,1,2017,34,49,43,8,45.58694707740918
-80.576037,35.109737,1,1,2019,329,19,66,15,61.30690390615745
-82.63257778,31.81571111,1,1,2020,131,8,73,19,65.07046231016845
-81.882088,33.612076,1,1,2018,4,34,56,10,59.64436633624263
-87.272,31.081,1,1,2018,60,21,65,14,43.750587399056215
-85.477,33.732,1,1,2019,306,38,52,10,52.0517139246505
-81.86871389,31.87508333,1,1,2017,234,2,77,21,68.57849101323325
-83.5801,30.0542,1,1,2018,101,17,70,13,64.02296694182232
-78.89963,35.009103,1,1,2017,72,7,63,30,59.76531801038643
-79.596184,33.804146,1,1,2018,82,8,78,14,60.244510702156205
-84.9722,29.7622,1,1,2019,103,21,54,25,57.50710333482876
-84.1615,30.81122222,1,1,2018,50,67,22,11,41.977805422269604
-89.39916667,33.11694444,1,1,2019,320,62,26,12,36.67330252399572
-83.019852,34.580101,1,1,2018,205,13,70,17,65.32708711792118
-78.106546,35.450478,1,1,2018,24,28,59,13,62.3216570571045
-82.9647,29.5749,1,1,2019,284,32,60,8,54.862203091989635
-85.5841,30.5675,1,1,2020,105,27,61,12,59.18914974619288
-82.2695,30.4281,1,1,2017,13,29,60,11,50.19273754047866
-82.567474,34.301456,1,1,2019,255,14,70,16,57.99711709501318
-80.1107,26.8543,1,1,2017,39,8,76,16,67.65706837302996
-82.94282778,32.42335,1,1,2019,257,10,77,13,60.64443566702872
-81.8444,28.5706,1,1,2017,98,37,57,6,58.9595434010971
-81.9486,30.1228,1,1,2018,34,18,75,7,53.18337842908776
-78.350125,36.295493,1,1,2019,152,28,60,12,51.90938715857246
-86.475,31.392,1,1,2020,124,28,61,11,56.78972167871262
-81.4029,27.2377,1,1,2017,141,14,64,22,67.48153633491309
-86.506,32.569,1,1,2020,219,41,49,10,44.986036498656986
-93.7846,32.0612,1,1,2019,279,39,51,10,40.312008845713365
-79.472258,36.150326,1,1,2017,58,21,64,15,55.849794644972754
-82.05713889,33.21983333,1,1,2017,65,26,63,11,55.30309673342022
-85.8096,30.948,1,1,2018,22,44,43,13,57.733675584954106
-92.7417,30.6742,1,1,2017,58,31,57,12,51.44328573403648
-81.11039,32.321308,1,1,2019,280,47,43,10,39.79892967870613
-82.28289722,32.81578889,1,1,2019,261,39,50,11,40.61768422715426
-83.109467,34.660126,1,1,2019,152,37,51,12,56.77291308726819
-89.9066237,31.291825,1,1,2017,53,60,30,10,35.347438049165774
-79.982083,34.950512,1,1,2017,29,35,55,10,51.597299004896556
-78.696076,35.072589,1,1,2017,81,1,76,23,62.308079611420446
-82.826,30.0804,1,1,2017,28,1,77,22,67.91525155990841
-78.678452,36.112872,1,1,2020,189,29,59,12,49.640312771503076
-86.9419,30.6236,1,1,2020,362,18,61,21,61.812944382998865
-78.976762,34.968874,1,1,2017,204,14,68,18,65.81959800979305
-93.9416,32.8299,1,1,2018,83,33,56,11,37.722401026754866
-80.2402,26.2801,1,1,2018,92,4,80,16,69.39260253954458
-83.20847222,32.43069444,1,1,2019,210,8,79,13,60.05575305130942
-76.960533,36.1482,1,1,2017,63,21,65,14,43.87030015797788
-80.672967,36.081155,1,1,2019,336,34,55,11,55.596520674538944
-93.2018,31.9174,1,1,2018,87,27,59,14,56.07463396271275
-82.29633333,32.47177778,1,0,2019,177,30,60,10,52.30631786771962
-88.41222,30.471667,1,1,2019,205,32,57,11,48.47038382561994
-82.0966,29.8995,1,1,2017,61,28,65,7,55.29697711611746
-85.17,32.65,1,1,2017,144,58,33,9,36.58361471476809
-80.5524,35.618904,1,1,2017,109,20,66,14,58.75218687676482
-77.726437,34.804139,1,1,2017,97,49,43,8,42.46721165807712
-79.041283,35.542276,1,1,2017,65,39,52,9,41.95078405814275
-78.681997,35.986745,1,1,2017,101,30,60,10,44.72451943023094
-80.5674,25.4702,1,1,2017,345,30,54,16,58.356189272454394
-80.013483,34.945,1,1,2017,41,37,52,11,48.52260790585634
-80.327,27.097,1,0,2017,205,47,49,4,61.76868397670057
-84.151383,36.538217,1,-1,2019,319,67,27,6,41.08555970222931
-81.6411,26.2374,1,1,2017,116,24,58,18,63.33889536146604
-79.667941,35.296427,1,1,2017,246,36,54,10,58.38305037182545
-79.074829,35.462955,1,1,2020,86,35,53,12,62.61955062391407
-90.3175,31.55333333,1,0,2018,208,33,56,11,35.43390004541594
-86.538,31.803,1,1,2019,102,18,72,10,53.32270093626579
-82.04442222,33.20247222,1,1,2018,108,13,72,15,62.10888625592419
-88.87492913,34.71197013,1,1,2017,76,19,71,10,52.66749030715765
-82.6285,29.2205,1,0,2019,146,59,34,7,40.47417367610471
-76.42915,36.418683,1,1,2019,37,7,72,21,65.17853687432124
-90.358,30.8444,1,1,2020,275,54,37,9,47.02853250138221
-79.921326,33.559174,1,1,2020,17,38,52,10,47.596236622833004
-81.4082,26.7654,1,1,2018,14,28,64,8,69.77064036248446
-80.6954,28.4805,1,0,2017,180,32,57,11,55.16293166426443
-80.863305,35.633899,1,1,2017,27,18,66,16,58.4295711429387
-84.85865833,31.05181389,1,1,2018,25,16,67,17,67.41173682963428
-81.432,27.6278,1,0,2020,135,7,74,19,70.15476355020239
-82.804782,35.402122,1,1,2017,323,60,32,8,26.2182723071454
-85.8652,30.8639,1,1,2019,271,24,63,13,42.75126903553302
-82.806323,35.791872,1,1,2019,80,55,36,9,29.887357320589274
-77.225834,34.732599,1,1,2017,286,22,60,18,52.36517120176927
-89.37694444,31.95194444,1,1,2018,2,51,39,10,33.22524781801665
-84.82931389,32.88795833,1,1,2019,282,25,66,9,41.35864600163564
-82.06836667,31.92968611,1,1,2018,61,9,73,18,55.86447204723634
-80.691226,35.943557,1,1,2017,102,43,49,8,54.59572325553844
-79.023201,34.386261,1,1,2019,247,22,63,15,47.9728096676737
-82.758,30.3302,1,1,2019,273,24,63,13,45.35963422341602
-82.4289,29.1395,1,1,2020,139,18,69,13,67.55695302781999
-87.333,32.009,1,1,2019,274,45,44,11,45.01032678448023
-85.656,31.256,1,1,2017,58,22,62,16,54.175029125446756
-78.907778,34.921916,1,1,2019,145,7,76,17,66.20084111595948
-81.413389,36.332789,1,1,2017,60,25,62,13,40.40096751900484
-82.818259,35.092973,1,1,2018,118,72,19,9,22.72152223714354
-85.51,31.661,1,1,2019,277,31,57,12,50.33098355152735
-85.664,34.331,1,1,2019,288,44,48,8,43.06987856649225
-82.47409167,33.4139,1,1,2017,350,18,67,15,57.89354392892398
-82.005665,35.434875,1,1,2017,58,45,45,10,48.29111624508817
-85.673,32.135,1,1,2017,73,50,40,10,48.114672195892574
-90.6988,30.8407,1,1,2018,60,37,53,10,40.19965250355395
-81.96577778,33.03869444,1,0,2020,240,5,80,15,61.931502251007046
-89.96546482,34.04474588,1,1,2019,276,20,65,15,46.716037437801134
-79.931414,35.653002,1,1,2017,236,21,67,12,51.91523817047158
-83.47361111,32.64166667,1,1,2017,53,35,53,12,55.7501085969277
-80.317558,34.524738,1,1,2020,104,35,54,11,54.66530325814534
-79.982376,33.579178,1,1,2017,67,25,62,13,53.27283138834589
-81.76016667,31.51811111,1,0,2017,91,41,48,11,40.350231051779296
-88.84387294,30.49897516,1,1,2019,78,31,57,12,47.515164678935314
-80.327514,36.239396,1,1,2020,64,46,43,11,51.62920327771742
-81.85631111,32.64160833,1,1,2019,271,34,54,12,45.41527130558407
-85.0643,30.7221,1,1,2019,323,15,73,12,68.4951427555977
-84.67972778,31.04941667,1,1,2019,156,2,81,17,72.60483759502421
-84.31737778,31.56026389,1,1,2018,52,31,56,13,55.187108750172776
-80.231824,35.421533,1,1,2020,358,32,53,15,53.072332694852
-80.840256,33.855305,1,1,2017,133,14,69,17,50.24114408808045
-86.01,34.594,1,1,2019,76,,,,42.60834617925564
-84.21561111,32.55243056,1,1,2017,232,6,64,30,69.7792982248287
-87.790867,36.402233,1,1,2019,79,57,32,11,31.514721854696965
-77.784153,34.496119,1,1,2017,30,55,35,10,33.16824293640293
-90.6755,30.802,1,1,2018,180,24,60,16,32.940836114457234
-85.70871667,36.46773333,1,1,2020,306,58,32,10,39.15589083297129
-80.369867,35.377898,1,1,2017,23,11,71,18,61.15505835423288
-80.936767,35.606238,1,1,2018,170,30,56,14,42.12557685182065
-80.579898,35.710502,1,1,2017,73,47,45,8,52.75883514313917
-85.956,31.639,1,1,2019,264,46,42,12,45.23620958663324
-83.6378,30.4793,1,1,2017,73,52,46,2,52.91812276649096
-79.332916,36.123336,1,1,2017,292,25,61,14,58.77390094938619
-80.356743,34.225368,1,1,2018,72,20,62,18,55.38008531479578
-79.669327,35.479447,1,1,2017,23,34,55,11,52.933296473283036
-90.38015264,31.12660991,1,1,2017,329,25,64,11,41.49169645149189
-81.012732,36.246945,1,1,2019,145,32,56,12,52.06378357030014
-81.9544,29.67,1,1,2019,332,11,76,13,63.536810528761855
-77.079,36.441017,1,1,2017,363,43,49,8,57.54749916079223
-85.578,34.038,1,1,2017,65,58,32,10,36.44479327093946
-83.92266667,33.68978611,1,1,2017,276,30,59,11,50.380284749511254
-90.0369,30.9525,1,1,2017,54,46,44,10,52.83671333504472
-81.3049,29.3685,1,0,2020,109,50,45,5,47.113389030435926
-82.0118,27.8175,1,1,2018,191,25,62,13,56.964291917913606
-84.70055556,30.17361111,1,0,2017,187,36,54,10,36.16998420221167
-85.877,31.856,1,1,2020,57,52,37,11,41.51906332063106
-78.943915,35.229624,1,1,2018,12,25,63,12,54.78295124696406
-82.157775,31.619875,1,1,2017,72,2,82,16,65.15583466635067
-78.05328,33.944814,1,1,2018,59,14,68,18,54.571352408032716
-81.978814,35.467488,1,1,2019,89,31,57,12,48.07393218933276
-83.89138889,35.1575,1,1,2019,285,49,41,10,33.26916090819347
-81.983902,33.767647,1,1,2017,108,46,42,12,38.01674334116533
-81.90972222,31.65944444,1,1,2019,19,15,69,16,63.42085308056872
-83.31213889,33.27541667,1,1,2017,52,46,42,12,50.07357384041229
-79.700165,33.375656,1,1,2017,67,43,46,11,37.99616994393112
-87.76953224,35.2540418,1,1,2020,311,58,32,10,42.24610524237338
-78.793212,36.124493,1,1,2018,58,30,59,11,46.57493188010899
-80.327936,35.598102,1,1,2020,93,,,,42.619664890297145
-85.02389444,31.65722778,1,1,2020,169,17,67,16,44.272632119440715
-81.7503,26.1559,1,1,2017,86,9,53,38,59.21926561943577
-92.2967,31.9978,1,0,2018,134,58,29,13,40.37727317602922
-86.11047466,33.24902626,1,1,2020,244,50,40,10,38.57626382306478
-85.078567,36.064617,1,1,2017,48,30,59,11,58.74134697020553
-80.699354,34.986667,1,1,2018,131,18,68,14,65.20742086451688
-85.571,31.664,1,1,2018,124,18,66,16,53.961745072480944
-79.131752,34.336685,1,1,2017,258,35,52,13,64.16212746627693
-93.2419,30.7093,1,1,2020,283,58,35,7,49.42721437740694
-85.607,34.644,1,1,2017,100,52,41,7,49.936462179398546
-88.743056,30.414167,1,1,2020,130,19,65,16,55.255040581370054
-82.18694444,33.88,1,1,2017,73,56,32,12,38.856903021923756
-90.6012,30.8247,1,1,2017,39,46,44,10,44.67270824695456
-82.30245556,32.39871944,1,1,2019,336,14,78,8,59.35120833991471
-84.329417,35.038933,1,1,2017,38,47,42,11,37.37327553787385
-77.589052,34.842038,1,1,2017,40,16,67,17,55.28534191662879
-84.52743431,35.08152671,1,1,2020,256,48,44,8,25.449729494925567
-84.42617778,33.01353611,1,1,2018,64,47,42,11,45.40806935776918
-77.637467,34.7861,1,1,2019,86,18,67,15,57.22017297895029
-82.7185,30.1136,1,1,2017,31,16,69,15,55.28801879714094
-79.186768,33.492588,1,1,2019,63,52,37,11,38.97500444233845
-81.202312,35.732534,1,1,2017,39,19,72,9,61.23081783359002
-79.787755,35.821954,1,1,2017,60,22,69,9,54.985818404471736
-80.764471,34.922608,1,1,2018,131,19,68,13,55.86347657792874
-85.901,34.394,1,1,2019,258,19,66,15,61.209578354892855
-84.118011,35.196757,1,1,2017,96,44,44,12,36.7541715210995
-93.364,31.1002,1,1,2020,124,34,52,14,45.011002718695025
-82.01936111,33.19705556,1,1,2017,62,10,68,22,54.22927282063437
-83.99669722,30.82567222,1,1,2017,61,6,63,31,60.38529301388531
-85.99333333,33.35194444,1,1,2018,127,65,28,7,33.08724500878768
-86.278,33.426,1,1,2017,100,44,46,10,48.725591285682775
-84.251783,35.574483,1,1,2018,100,40,50,10,56.36175881368885
-82.0914,27.0789,1,0,2019,174,37,52,11,53.52074406113623
-79.370405,34.990691,1,1,2019,147,6,71,23,55.35430940862868
-81.7265,29.5484,1,0,2019,197,45,46,9,45.80391769677344
-85.821,33.683,1,1,2020,326,4,64,32,57.417027075063686
-85.166,31.734,1,1,2020,215,34,54,12,49.30282622005412
-77.755325,35.662188,1,1,2017,295,48,42,10,56.89175899046151
-85.69435,35.454017,1,1,2018,233,62,29,9,33.893226698262225
-83.00389167,31.91758889,1,1,2017,14,28,61,11,57.746811451135265
-84.69224167,30.89850278,1,1,2020,326,2,77,21,75.7447081589132
-90.73436168,31.00505863,1,1,2017,29,71,20,9,28.0674525600774
-87.588,30.735,1,1,2019,83,19,63,18,51.308037124802524
-78.3973,34.793521,1,1,2019,145,17,68,15,61.5960866388927
-82.47096667,31.65573611,1,1,2019,152,29,58,13,57.63726651660549
-80.932634,36.011621,1,1,2018,52,20,67,13,53.53911171672885
-78.960251,35.230967,1,1,2017,163,25,61,14,53.571216998084545
-79.32533,35.218071,1,1,2019,120,14,66,20,60.6866632439477
-92.7557,31.965,1,1,2017,75,70,21,9,29.473850529309523
-87.435,31.645,1,1,2017,95,51,46,3,41.92070293217497
-82.31061944,31.77376667,1,1,2017,58,25,62,13,54.023396777760205
-78.86823,36.29974,1,0,2020,180,39,50,11,44.69855627752654
-80.8575,25.6669,1,0,2017,141,17,37,46,53.91768190344557
-81.184547,34.407921,1,1,2017,362,51,40,9,52.60559987362768
-81.292,27.7779,1,1,2020,165,23,65,12,57.052423733833514
-77.783883,35.664117,1,1,2018,46,33,55,12,61.06666008490472
-81.9778,29.6209,1,1,2017,72,15,68,17,65.47827046106332
-79.702877,34.927242,1,1,2017,28,27,58,15,53.87465692565896
-82.25324444,31.39564722,1,1,2019,282,27,61,12,70.20338447564323
-78.051037,35.262983,1,1,2020,66,15,72,13,68.70173602196193
-83.90318333,33.55210278,1,1,2019,244,21,66,13,53.89487402258906
-81.040103,36.24561,1,1,2019,338,48,43,9,45.836374047308794
-80.76815,33.119232,1,1,2018,22,29,59,12,48.9873797720854
-85.05805556,32.65222222,1,1,2019,89,39,50,11,44.620969493533416
-82.5372,29.4017,1,1,2020,86,7,78,15,73.36348378944047
-89.347817,36.301217,1,1,2019,63,60,29,11,36.802519597970104
-83.95991667,31.57349167,1,1,2017,327,28,57,15,65.3394094993582
-80.001564,34.876511,1,0,2018,168,48,39,13,47.858480132711904
-80.420078,35.98132,1,1,2017,328,30,59,11,62.27318691736453
-89.4923751,30.67070263,1,1,2019,62,61,31,8,38.92093363085249
-88.199,30.455,1,1,2020,143,29,60,11,56.20809716599192
-80.3119,25.6985,1,1,2018,25,7,76,17,67.56433493257518
-80.866854,36.42501,1,1,2017,327,27,63,10,41.322558350776035
-82.53206111,32.42341111,1,1,2018,69,17,63,20,49.12765327278114
-88.40893649,30.63766532,1,1,2020,8,30,60,10,48.20119301572252
-83.93798611,32.45758611,1,1,2018,92,16,69,15,62.89348551568887
-87.305,32.869,1,1,2020,324,53,37,10,35.07586588207416
-85.230467,35.479133,1,1,2020,87,60,30,10,41.455846925476884
-79.609607,35.422301,1,1,2020,122,54,38,8,33.82211557451514
-81.44856389,32.5368,1,1,2017,275,37,53,10,55.56600383088801
-82.349859,35.913676,1,1,2019,30,26,59,15,52.75862886027958
-81.94,29.7341,1,1,2017,89,42,48,10,54.27069673749904
-82.8846,30.4689,1,1,2019,328,6,60,34,58.835359298767884
-80.935631,33.740425,1,1,2019,151,34,55,11,44.067252443479134
-84.72266667,32.03430556,1,1,2018,98,32,55,13,49.97999684056716
-91.31583333,31.56583333,1,1,2020,5,38,48,14,46.63926625069108
-83.01214444,32.54935278,1,1,2018,70,28,60,12,59.438779741336724
-82.46919444,31.44761111,1,1,2017,86,5,74,21,63.592893962435575
-80.977394,33.600399,1,1,2017,263,31,59,10,53.41170895448714
-84.92931667,34.58362222,1,1,2019,260,7,74,19,70.51572898358975
-88.888,33.323,1,-1,2018,59,49,41,10,39.45708023143303
-80.176633,35.341289,1,1,2019,195,8,42,50,60.938908085694564
-80.5207,25.6358,1,1,2019,95,16,73,11,70.98501244026697
-83.46723056,33.00752222,1,1,2018,34,64,26,10,37.931366741697246
-84.93833333,33.60666667,1,1,2019,89,31,58,11,47.75396888081508
-84.81515833,33.89891667,1,1,2018,209,35,55,10,58.246643235131515
-78.080822,35.900212,1,1,2019,85,35,55,10,53.33668976682659
-80.087524,33.416813,1,1,2018,107,37,52,11,48.805956589575985
-84.06037222,33.19915278,1,1,2019,250,26,63,11,54.0366413421969
-84.45880556,32.08147222,1,1,2018,127,48,41,11,45.04715453576082
-82.30296667,32.18715833,1,1,2019,274,17,66,17,58.4593633994155
-84.54658432,35.16150672,1,1,2020,110,65,26,9,25.66745669649029
-78.477817,34.870867,1,1,2018,124,23,63,14,56.314238887901595
-80.971397,35.663355,1,1,2020,319,29,53,18,44.08779284179246
-83.00886111,31.35139444,1,1,2019,257,5,81,14,66.73343468646338
-83.3684,30.5248,1,1,2019,146,17,65,18,58.67559829397362
-83.0015,29.6539,1,1,2017,127,39,56,5,49.25483769054577
-78.897314,35.355489,1,1,2018,73,22,66,12,52.289751184834124
-79.734884,35.386956,1,1,2019,38,57,31,12,45.66596244594939
-81.202432,35.37365,1,1,2017,363,29,60,11,54.89243680884673
-88.54230259,31.6900555,1,1,2017,262,61,36,3,38.00092804675776
-78.947352,35.002579,1,1,2018,133,12,69,19,67.73806515301088
-80.211909,35.350897,1,1,2017,23,21,63,16,59.67395539299487
-80.9407,28.8625,1,1,2016,364,40,52,8,43.62406950340606
-93.0881,30.6886,1,1,2020,161,22,66,12,45.60283547903006
-82.5085,30.0648,1,1,2018,127,37,53,10,51.463087645862544
-78.910972,34.881481,1,1,2018,85,16,69,15,61.98647447921809
-79.56956,34.995266,1,1,2017,360,23,59,18,50.719140617286364
-84.6658,35.89255,1,1,2017,86,45,49,6,46.00201417823506
-80.451439,35.200251,1,1,2017,285,17,67,16,62.75429485407368
-80.930588,32.998566,1,1,2017,344,54,32,14,38.15667574931881
-89.16834859,30.59398683,1,1,2019,253,44,45,11,43.80489683088161
-83.102249,35.155453,1,1,2019,32,63,34,3,31.406830080913835
-82.38394444,32.98652778,1,1,2017,272,9,68,23,51.031124716105474
-83.099,30.3643,1,1,2020,176,3,73,24,67.92651094832863
-82.493953,35.297931,1,1,2020,71,46,46,8,44.87962926209662
-93.0728,32.7631,1,1,2018,213,45,44,11,55.794901163135144
-85.822,34.346,1,1,2019,182,20,67,13,53.39049386860446
-82.6143,28.95,1,1,2017,39,42,50,8,57.46041432154355
-82.7687,30.4028,1,1,2017,127,30,59,11,52.496929608056064
-81.205399,36.181532,1,1,2020,93,20,63,17,55.029102252759166
-81.22648303,27.58921511,1,1,2020,213,37,49,14,55.00957816573191
-78.924833,35.204833,1,1,2018,129,34,55,11,48.73150214253273
-80.909058,33.663261,1,1,2020,18,3,79,18,62.34385306606107
-88.79611111,31.43416667,1,1,2017,302,70,19,11,36.540914655819286
-79.705453,35.647318,1,1,2018,72,39,51,10,50.05427443237907
-79.986427,33.209194,1,1,2017,80,8,40,52,48.95563321881292
-81.070236,32.852081,1,1,2018,16,20,67,13,58.66200102657243
-82.78138889,31.41833333,1,1,2017,336,19,66,15,54.98119951813891
-83.64279722,31.69351944,1,1,2020,77,23,66,11,68.5351753831569
-83.095,29.617,1,1,2017,133,24,59,17,64.62907238478854
-81.792511,35.075008,1,1,2017,34,27,60,13,58.429907689788564
-79.018028,35.375545,1,1,2020,343,12,71,17,52.52790063975993
-77.039128,35.151668,1,1,2018,29,18,68,14,57.124100046750826
-81.238113,34.230736,1,1,2018,127,48,41,11,43.47666541583551
-85.5089,30.2968,1,1,2019,37,14,71,15,60.99926940999926
-84.32747222,34.913,1,1,2018,98,52,40,8,45.27322091461972
-83.2108,30.1829,1,1,2017,166,1,76,23,69.9127747388376
-75.883333,35.691817,1,1,2018,43,32,58,10,42.468879586114284
-83.32111111,32.38386944,1,1,2019,75,20,72,8,62.404438477333734
-82.188921,35.857676,1,1,2017,78,25,64,11,40.863216302673685
-93.0967,31.6293,1,1,2017,319,28,56,16,42.842955299320806
-77.505968,34.745477,1,1,2018,89,15,69,16,55.19916676539116
-82.01729444,32.34783611,1,1,2020,84,24,63,13,62.9013347549658
-88.80277778,34.79222222,1,1,2019,275,24,62,14,40.39805671854016
-76.824691,34.885823,1,1,2020,116,52,37,11,34.75271578115744
-89.59666667,30.43027778,1,1,2020,317,50,43,7,42.822538604320485
-80.272537,34.111126,1,1,2017,53,29,59,12,58.40575761165737
-82.1005,30.2725,1,1,2018,74,39,52,9,51.8762465196185
-86.1875,30.4732,1,1,2017,67,51,41,8,41.56677167191694
-92.767,30.9334,1,1,2017,343,22,63,15,35.298264320834065
-90.10868976,32.36943113,1,1,2019,265,44,43,13,47.62289801045424
-88.185,33.512,1,1,2017,96,48,42,10,32.329726741431045
-84.91679722,31.31340556,1,1,2019,79,27,66,7,61.916698003047856
-79.452538,33.734165,1,1,2017,88,39,49,12,56.251446399304925
-82.251198,35.218902,1,1,2017,55,53,39,8,43.85516260885018
-86.461,32.533,1,1,2020,316,20,66,14,54.335999368051034
-80.057722,35.089139,1,-1,2020,334,14,69,17,47.62047921359819
-80.751308,35.728919,1,1,2020,212,25,63,12,59.765384311556964
-82.84510833,31.17150278,1,1,2017,347,56,32,12,35.200225595155636
-81.960169,35.748865,1,1,2017,28,27,23,50,36.5236186160014
-81.3881,27.2561,1,1,2017,60,15,60,25,67.38497146916606
-85.979,33.322,1,1,2020,132,34,55,11,41.16595585041267
-85.18608889,33.87732222,1,1,2020,104,59,30,11,31.451366098612155
-79.856397,35.360043,1,1,2017,114,17,69,14,46.060043043023285
-80.344002,33.738953,1,1,2019,262,19,64,17,57.11438276359182
-89.04138678,33.7226427,1,1,2018,219,13,74,13,54.6519937856033
-80.395416,34.031712,1,1,2020,132,20,67,13,66.98898017220952
-91.6645,32.2316,1,1,2018,202,3,67,30,69.95101194589795
-89.4481194,32.7927,1,1,2019,76,50,39,11,51.61513398234634
-82.6163,29.0257,1,1,2017,107,29,60,11,52.27461746174618
-78.260605,35.723506,1,1,2017,64,30,59,11,48.66739722781661
-80.143564,35.228519,1,1,2017,304,19,68,13,57.43603514660875
-83.67375,31.76616667,1,1,2017,143,27,62,11,59.9720807171346
-81.513576,36.151733,1,1,2020,98,57,37,6,28.038127394068628
-81.9536,27.684,1,0,2017,225,6,74,20,68.13553431798432
-93.4647,31.5139,1,1,2018,231,40,50,10,47.77028815199574
-83.12394444,30.65023611,1,1,2017,99,17,70,13,64.9994865921567
-83.5599,29.777,1,1,2018,63,52,39,9,40.14996503147166
-82.77063889,30.62364722,1,1,2017,65,28,52,20,55.63846761453396
-82.47580556,31.25791667,1,1,2019,144,24,64,12,61.44139606541836
-79.771315,34.906397,1,1,2017,34,23,63,14,59.947752942105694
-82.623485,35.645585,1,1,2020,95,40,51,9,55.268140981340686
-80.151333,36.121333,1,1,2019,19,19,66,15,55.76642379005983
-84.603383,35.668067,1,1,2017,80,35,56,9,51.61313508283474
-83.16524444,32.0711,1,1,2019,253,47,43,10,57.98996959286026
-89.05015532,31.17260215,1,1,2019,267,64,21,15,36.32515846217643
-87.837,30.973,1,1,2020,71,50,37,13,35.90222134465395
-84.069675,33.1968,1,1,2020,105,16,65,19,51.62542704239819
-82.00159722,31.25787778,1,1,2018,124,37,50,13,54.394241592448495
-82.25261111,32.08501944,1,1,2019,79,8,77,15,68.37867835841534
-80.20555,35.365833,1,1,2017,360,24,61,15,58.08909913290802
-79.535356,35.578723,1,1,2020,105,47,43,10,47.69810650186583
-80.4232,25.759,1,1,2017,356,3,44,53,52.71688091147839
-81.99693611,31.72256667,1,1,2017,65,27,59,14,58.87221816314843
-81.638069,33.67976,1,1,2018,99,24,64,12,65.90613091124494
-82.6124,28.9471,1,1,2017,35,36,55,9,56.906999703820716
-92.951,30.993,1,1,2017,36,47,41,12,38.28277782165704
-82.4027,29.1269,1,1,2018,33,6,80,14,77.2505133875681
-80.280327,33.586128,1,1,2019,274,22,66,12,64.3484055681706
-80.238008,36.303762,1,1,2018,131,25,61,14,46.41058347319575
-89.8898,30.9773,1,1,2018,29,58,27,15,31.547071831931454
-85.289,31.54,1,1,2017,253,23,64,13,58.88984557052016
-86.09361399,33.17233441,1,1,2020,124,51,42,7,39.89151343985146
-82.72141667,33.02114722,1,1,2019,207,30,61,9,50.0976163674783
-86.449,33.576,1,1,2019,265,37,51,12,49.898844900779935
-78.555769,34.404537,1,1,2017,35,32,58,10,50.407941240349864
-81.81609167,30.80515556,1,1,2017,88,42,46,12,46.15573592432415
-87.891,34.753,1,1,2017,11,14,70,16,64.11795135049758
-82.85820556,32.35293611,1,1,2019,61,32,61,7,59.43098613798826
-81.80793325,29.13145547,1,1,2020,77,6,85,9,61.92866169095288
-93.4259,32.7677,1,1,2019,267,40,51,9,33.87094481192616
-85.31865556,34.58379167,1,1,2020,321,42,48,10,50.11068106869931
-84.82852778,34.739,1,1,2018,87,8,74,18,58.29123721517988
-85.22383333,33.71766667,1,1,2019,80,38,52,10,45.96663178470591
-85.96,31.896,1,1,2019,103,37,52,11,54.27653272781122
-79.124501,35.836466,1,1,2017,200,33,55,12,46.87465197559387
-84.788933,36.1048,1,-1,2019,97,36,54,10,41.18839721185554
-82.0334,29.5598,1,1,2020,341,32,58,10,55.05374971506723
-81.572784,33.53952,1,1,2017,54,27,62,11,63.29951032658058
-83.07722222,31.97138889,1,1,2018,331,28,59,13,54.30031198167601
-83.1997,29.3929,1,1,2018,108,28,61,11,50.88820248305645
-82.32975,32.59557222,1,1,2017,15,9,75,16,63.766033488665954
-82.0919,28.8299,1,0,2020,178,44,50,6,43.52566001224256
-81.1234,28.7014,1,0,2017,147,33,58,9,57.79347294654499
-83.290508,35.000022,1,1,2020,93,67,25,8,27.169059137130997
-79.232363,36.276176,1,1,2017,38,17,68,15,54.00616016427105
-79.752283,34.911328,1,1,2019,279,23,63,14,60.83887594296775
-81.336344,35.820996,1,1,2017,81,31,51,18,57.497542359335036
-79.098517,35.384747,1,1,2018,52,39,49,12,55.32985050953647
-80.428333,36.192017,1,1,2018,93,49,42,9,46.915569157863565
-83.22835833,31.75743056,1,1,2020,56,49,41,10,57.97646361931089
-82.045916,35.896107,1,1,2020,66,50,41,9,39.43121186390475
-87.141,31.724,1,1,2017,28,45,53,2,41.4006752621083
-80.339008,35.527429,1,1,2020,99,42,48,10,45.98050678411311
-84.33921944,31.47281667,1,1,2019,146,43,47,10,55.104567806149646
-85.1706,29.7382,1,1,2017,23,47,43,10,41.52420167071509
-81.3293,28.1858,1,1,2018,16,13,75,12,63.86702912812441
-83.3009,29.6394,1,1,2017,135,49,42,9,43.04121654981734
-86.79388889,31.035,1,1,2018,123,41,47,12,41.79171356912928
-80.062733,36.03184,1,1,2017,45,33,50,17,60.47189036551414
-77.984364,35.803735,1,1,2019,86,6,74,20,65.06776582091028
-92.413,31.4444,1,1,2017,59,31,57,12,50.875037020948895
-82.55376944,32.49358333,1,1,2017,14,38,50,12,50.62934660268941
-82.1627,30.2826,1,1,2017,53,23,62,15,59.39026557409417
-80.038376,35.869994,1,1,2019,146,12,70,18,61.39451389300314
-79.783813,33.788086,1,1,2017,63,34,55,11,48.022693158476855
-85.177,32.128,1,1,2017,62,39,51,10,41.60343635825021
-88.59803293,31.33715695,1,1,2020,361,39,50,11,37.407217207529285
-81.3958,29.462,1,0,2019,197,43,48,9,56.504186413902055
-79.759193,33.634869,1,1,2018,93,30,61,9,64.65820235368452
-81.499045,35.219311,1,1,2019,70,44,46,10,51.40120848307728
-82.85116111,32.14818333,1,1,2020,346,29,61,10,53.0723538704581
-82.548447,34.244591,1,1,2019,261,24,65,11,57.96696417992971
-78.802846,34.570288,1,1,2018,7,23,62,15,61.03362688571202
-77.943323,35.879522,1,1,2019,146,14,70,16,67.29701119489195
-92.4103,31.9659,1,1,2018,217,21,68,11,44.57319721980887
-81.659998,35.831355,1,1,2020,66,48,43,9,45.94252147299834
-87.301,31.099,1,1,2018,84,18,68,14,44.6544969888439
-85.15666667,34.14494444,1,1,2018,235,51,40,9,47.430509478672995
-87.535017,35.028033,1,-1,2018,23,35,55,10,53.155409408697686
-84.79015278,32.28915,1,1,2020,127,29,61,10,55.28833471547604
-80.511214,35.077093,1,1,2017,23,16,69,15,62.05254116810803
-93.6317,30.3923,1,1,2020,114,28,61,11,48.82022671617028
-81.82582778,31.07705278,1,1,2020,129,29,60,11,47.157787694494914
-79.551753,36.264757,1,1,2017,77,43,50,7,57.48701747457796
-81.480894,35.865111,1,1,2017,53,25,66,9,58.695489909561225
-84.9923,35.676683,1,-1,2019,86,46,43,11,42.744055142992565
-81.811394,35.26225,1,1,2017,56,28,61,11,57.513130874338536
-81.58306111,32.39161944,1,1,2017,16,14,69,17,57.343709263282655
-81.2341,27.1498,1,1,2018,91,23,70,7,70.68689282047228
-80.9182,27.2349,1,1,2020,74,6,64,30,64.0363905617534
-81.76081667,31.81389722,1,1,2017,28,25,60,15,52.594589791687284
-82.218575,35.190193,1,1,2018,123,47,43,10,45.74115422525297
-81.447231,35.340346,1,1,2017,98,31,57,12,58.75972512933928
-80.407837,34.525604,1,1,2017,288,13,66,21,56.151215370337425
-85.39601667,34.41092222,1,1,2020,306,7,69,24,54.515608648435176
-81.7625,26.784,1,1,2017,124,32,56,12,52.777424311281344
-84.685283,35.74135,1,1,2018,72,53,39,8,32.57368739089565
-82.54544444,33.36194444,1,1,2017,42,12,64,24,60.18876382306475
-83.0008,30.5526,1,1,2017,85,20,65,15,63.37608845888047
-82.14069167,31.25292222,1,0,2019,256,57,34,9,37.86778556619607
-83.84094444,32.75802778,1,1,2018,93,44,45,11,57.52498025276461
-83.18497222,30.805375,1,1,2018,67,48,43,9,49.615750705977554
-81.6079,28.0586,1,1,2020,132,2,79,19,77.35980883921167
-79.295647,34.850777,1,1,2018,89,6,79,15,65.65481361554257
-82.3854,27.6832,1,1,2019,78,32,56,12,60.400691153238554
-84.23575556,30.93106944,1,1,2018,100,46,42,12,44.348211640629614
-81.304,29.6773,1,0,2017,122,47,43,10,49.95931908843161
-83.14944722,34.37515556,1,1,2019,91,33,56,11,59.07263320036338
-77.990721,35.69816,1,1,2019,152,8,69,23,57.77054003356699
-88.456,32.027,1,1,2019,271,32,57,11,48.120404375468944
-82.37913333,32.00938611,1,1,2018,58,4,60,36,65.6412813777576
-84.99333333,31.42555556,1,1,2017,297,3,74,23,70.24169792694967
-81.9033,26.6889,1,1,2018,117,9,73,18,65.7260414610069
-79.74144,34.990563,1,1,2018,101,18,68,14,55.84666574514719
-80.91931,26.267561,1,0,2017,72,38,53,9,55.1195182150262
-79.599509,34.835763,1,1,2019,146,18,60,22,64.37189184918927
-83.70122778,32.34276111,1,0,2019,185,9,73,18,63.89834725430956
-83.13554444,34.48059167,1,1,2017,268,16,69,15,54.041800643086866
-87.243,31.247,1,1,2019,246,51,40,9,37.14790387235639
-81.938625,32.91349167,1,1,2018,29,8,76,16,59.71558926349471
-82.9754,30.5152,1,1,2019,253,5,72,23,62.86963390071479
-89.25305556,31.56361111,1,1,2019,332,20,64,16,56.659189194526164
-84.05691389,32.16456667,1,1,2017,249,34,55,11,51.47517870542237
-83.25154444,30.951025,1,1,2020,19,20,65,15,61.732506468113684
-81.4381,26.7105,1,1,2019,108,10,83,7,77.88047942500592
-87.655167,35.670117,1,1,2017,25,51,43,6,39.93360979462875
-80.270833,35.423683,1,1,2018,59,46,41,13,58.47271757805555
-87.767,33.853,1,1,2020,65,38,51,11,44.467617373442074
-83.69738889,31.40402778,1,1,2018,100,6,76,18,72.5749916072592
-82.3008,28.075,1,0,2017,131,33,54,13,58.07875913851019
-85.566,32.27,1,1,2017,81,46,46,8,42.01364345370899
-82.96369444,31.96830556,1,1,2018,23,14,66,20,54.65768167456554
-81.54377222,32.54656944,1,1,2017,73,46,43,11,53.62796437809769
-76.33157,36.462428,1,1,2019,104,7,76,17,65.19462822158587
-82.87054167,31.44018611,1,1,2017,254,8,72,20,58.53142462237139
-81.50388889,29.08027778,1,1,2017,361,46,48,6,47.85453437552531
-83.7272262,33.26250635,1,1,2020,57,60,31,9,38.4876377424069
-81.66758611,31.63759167,1,1,2017,248,56,31,13,38.884157301151504
-84.09966667,31.02746111,1,1,2018,3,36,52,12,58.635374284021346
-92.3275,31.7281,1,1,2018,126,41,49,10,51.140041473289195
-83.95375556,30.86492222,1,1,2018,31,31,58,11,55.16875629356129
-83.42527778,34.675,1,1,2017,73,44,45,11,45.75522818381093
-80.638664,34.299541,1,1,2020,105,12,75,13,60.45733694042371
-81.7339,30.0471,1,0,2019,150,54,34,12,47.295613012819274
-80.315,27.082,1,1,2020,70,13,77,10,70.93801587615023
-79.389801,33.635216,1,1,2017,53,42,46,12,47.41193198649209
-89.16486754,30.90888529,1,1,2017,93,49,39,12,46.25209835094303
-76.989119,35.023278,1,1,2017,28,33,56,11,50.794851285697355
-88.55222222,30.48555556,1,1,2019,276,31,57,12,49.55156685030507
-82.57883333,32.36947222,1,1,2017,224,32,56,12,59.723673558043565
-93.4395,31.4523,1,1,2017,22,32,56,12,38.43131602329943
-80.9979,27.307,1,1,2017,76,35,60,5,57.83293183792752
-78.828381,34.584636,1,1,2018,22,8,72,20,57.00061214012088
-82.64859444,32.22087222,1,1,2017,8,27,59,14,60.522195892575034
-82.6913,30.3755,1,1,2017,24,32,55,13,49.6100941887329
-82.358,28.4953,1,1,2017,43,29,62,9,56.39824232250419
-82.704475,35.205159,1,1,2020,96,54,38,8,37.83764784866616
-83.46000833,31.46582778,1,1,2020,128,27,61,12,64.22117340389818
-83.4668,29.7913,1,1,2019,283,7,60,33,55.757571569595285
-81.050003,32.849998,1,1,2017,47,30,58,12,51.39894551845345
-77.193408,35.153625,1,1,2018,71,33,57,10,47.59716407299156
-80.6134,27.359,1,0,2020,181,45,49,6,70.06585442912996
-85.64444444,33.76666667,1,0,2017,94,53,38,9,38.5435109303304
-79.291604,34.628505,1,1,2019,273,22,65,13,69.33613047169625
-80.525581,33.945175,1,1,2018,71,39,50,11,38.52706625851684
-81.65555556,31.54083333,1,0,2017,149,48,40,12,40.72264504054896
-88.596033,35.09385,1,1,2017,347,45,48,7,55.5961378983533
-85.571,31.597,1,1,2018,80,33,54,13,49.967126046438175
-85.83,33.709,1,1,2019,118,18,73,9,63.73383354724056
-86.9816,30.5997,1,1,2020,291,15,67,18,57.561418753456024
-79.48764,34.277557,1,1,2019,200,22,64,14,54.68522175269539
-79.487918,35.739955,1,1,2019,71,53,37,10,51.3030309013723
-89.31072207,34.93376285,1,1,2019,84,17,66,17,61.00236938751333
-82.0694,30.0592,1,1,2017,88,38,50,12,55.42540629134496
-79.297965,34.96979,1,1,2019,153,17,70,13,60.34194937008806
-83.882,30.5732,1,1,2018,136,31,59,10,51.168601666469236
-79.429879,34.952292,1,1,2019,330,41,49,10,50.96264560710762
-80.667985,34.92023,1,1,2017,291,28,58,14,58.21313061506566
-83.3885,30.4688,1,1,2018,4,21,69,10,59.3044130713792
-82.1447,32.10588611,1,0,2017,241,5,69,26,57.61566257923108
-84.96414167,31.08237778,1,1,2019,147,16,72,12,71.51166923350316
-84.85222222,30.86777778,1,1,2019,261,4,81,15,70.03436018957343
-82.68471667,32.11494167,1,1,2017,14,21,67,12,54.74456489544458
-86.915,31.609,1,1,2020,72,18,68,14,37.6504808356865
-82.69833333,31.09833333,1,0,2019,175,48,40,12,49.24702328061134
-75.967383,36.37465,1,1,2020,4,12,68,20,45.506180819261516
-87.198,34.007,1,1,2019,80,38,42,20,44.473114034005405
-81.42188611,32.37639722,1,1,2020,210,33,57,10,49.86592542854885
-83.37635556,31.96688333,1,1,2019,255,30,57,13,53.98663112164295
-88.287,31.435,1,1,2018,28,49,46,5,40.94980649237819
-90.04444444,32.16277778,1,1,2019,90,36,52,12,42.870606587157425
-86.772,33.979,1,1,2019,327,34,55,11,43.42108484884387
-84.54637778,30.95084167,1,1,2017,80,29,61,10,52.76023853718258
-77.118221,36.225609,1,1,2020,32,23,65,12,44.84819524524133
-81.232587,36.175753,1,1,2019,183,31,57,12,56.46345268895778
-83.071645,35.431216,1,1,2017,65,74,18,8,27.349550794747756
-79.175617,34.995809,1,1,2018,22,13,67,20,62.178237175690086
-82.40017778,31.74666111,1,1,2018,290,14,70,16,64.67834432639519
-88.31867437,33.8416896,1,1,2018,60,45,44,11,39.47276137822095
-82.13105,32.39768889,1,1,2018,74,15,71,14,58.20619248844832
-87.30431667,36.07288333,1,1,2020,321,48,40,12,49.33838314009755
-84.88918889,33.26446111,1,1,2020,100,64,27,9,38.831664593084106
-80.851021,33.118713,1,1,2018,77,53,37,10,45.039410812305015
-78.175358,34.526169,1,1,2019,206,41,48,11,50.899182399873595
-80.245777,35.450166,1,1,2017,61,43,45,12,61.188936724859765
-83.46359444,31.77118611,1,1,2018,72,46,42,12,53.544741934209995
-81.2944,35.44815,1,1,2018,31,15,69,16,61.388186737232864
-84.67799444,32.93278611,1,1,2020,319,43,47,10,42.738013428120055
-78.909273,36.524118,1,1,2019,271,43,48,9,47.21318126306635
-84.8423,36.28745,1,-1,2018,168,53,37,10,40.9665488438222
-82.37443056,31.83366944,1,1,2020,337,20,67,13,63.43172797820035
-83.73248056,32.24555278,1,1,2019,143,5,79,16,73.64403332806822
-79.948357,34.148129,1,1,2019,180,38,51,11,57.77509873617694
-79.769836,36.184213,1,1,2018,89,19,66,15,46.81110022053417
-89.7048647,31.828432,1,1,2017,77,22,65,13,43.693275402389645
-78.528548,36.34393,1,1,2018,126,42,47,11,46.283810200817484
-85.02830833,33.46507222,1,1,2019,245,43,48,9,51.97620740038702
-80.214966,33.283051,1,1,2018,120,18,67,15,44.51882208879761
-78.786617,35.082467,1,1,2018,104,23,64,13,59.837022410899365
-85.314,33.214,1,1,2019,260,27,62,11,54.832740986455015
-81.427513,34.059635,1,1,2018,165,46,43,11,39.24586637988977
-78.936587,36.529055,1,0,2020,198,35,51,14,45.631732801358915
-86.667,31.317,1,1,2020,115,47,42,11,38.7721851427669
-79.069328,34.003403,1,1,2020,128,32,54,14,52.332339467656574
-81.174858,33.300274,1,1,2017,42,48,40,12,51.24131258884853
-78.444921,34.448424,1,1,2018,44,26,62,12,49.383725292735406
-89.81868118,34.21400555,1,1,2018,104,22,64,14,53.44830377947161
-81.54112222,32.64577778,1,1,2020,178,32,56,12,60.798807455378316
-85.674,31.03,1,1,2018,24,30,57,13,51.81905439033062
-80.2306,27.1346,1,1,2019,85,32,55,13,64.1649586319926
-81.204674,34.695282,1,1,2020,163,33,57,10,52.248997649661284
-78.529672,34.410652,1,1,2019,175,26,58,16,48.49597188215781
-80.138567,36.028053,1,1,2017,193,17,64,19,63.100864894751346
-89.4375,30.73777778,1,1,2019,90,42,46,12,46.53144685136546
-80.2179,27.1598,1,1,2017,104,7,68,25,61.671591088639595
-82.670164,35.775084,1,0,2017,262,30,59,11,48.58803783346169
-84.06237778,34.41891111,1,1,2017,205,52,38,10,38.37807526754333
-80.121663,34.9955,1,1,2017,229,34,57,9,44.48024406137077
-79.780366,35.494623,1,1,2019,63,18,64,18,49.434982625177675
-86.037,33.388,1,1,2017,54,37,50,13,40.50430438731588
-78.892593,36.052947,1,1,2017,276,46,45,9,52.021270292688726
-83.08447778,32.46670556,1,1,2017,98,40,49,11,57.7254398609822
-84.439,30.6197,1,1,2019,281,19,68,13,50.10441513308583
-88.077,32.754,1,1,2019,217,37,53,10,34.20797298898235
-81.3978,29.7448,1,0,2017,142,55,36,9,35.768534976498
-85.121,32.03,1,1,2019,283,17,70,13,57.69015697502221
-82.77560833,32.52959722,1,1,2017,45,26,61,13,58.77019394083027
-82.733,29.2123,1,1,2020,78,53,38,9,38.35529095827656
-83.34986944,32.33191389,1,1,2019,265,6,66,28,63.46903878050708
-80.128578,33.115475,1,1,2019,153,26,59,15,49.930416238843705
-82.21705556,32.36967222,1,1,2018,79,19,68,13,67.71869568652237
-80.246433,35.4775,1,1,2018,2,29,59,12,56.15548973143758
-88.44739388,30.60111408,1,1,2018,23,47,43,10,40.382754330179914
-82.7183,30.2941,1,1,2017,76,34,54,12,53.19759497670013
-81.5964,27.7041,1,1,2017,67,31,56,13,63.67149119342866
-87.4264,30.4944,1,1,2017,85,53,36,11,34.36221024582773
-78.329205,34.620621,1,1,2017,25,44,44,12,47.64159475523785
-80.655534,34.955756,1,1,2017,327,6,66,28,62.64989927716554
-92.34429629,31.42691564,1,1,2020,250,63,29,8,40.50208312765326
-87.341,34.583,1,1,2017,29,50,37,13,52.22440960429667
-81.4402,26.7954,1,1,2017,173,4,81,15,67.21799478755332
-83.09511111,32.80344444,1,1,2017,28,31,58,11,45.94297336255752
-83.91165556,33.17244444,1,1,2018,241,22,62,16,43.904671642380414
-82.04953056,31.61689167,1,1,2018,31,49,39,12,49.80204158192981
-79.276963,34.794917,1,1,2018,66,4,79,17,69.35550685147888
-80.062184,35.723055,1,1,2020,105,22,67,11,47.70428515007898
-79.443207,33.677193,1,1,2018,18,28,60,12,50.11655872363952
-80.0177,33.810902,1,1,2017,47,28,57,15,52.38532164435492
-78.669718,36.250381,1,1,2017,194,44,47,9,52.86706548994055
-85.7288,30.3046,1,1,2019,334,31,57,12,51.95850532261571
-79.265179,34.995638,1,1,2019,144,33,54,13,59.12328199052134
-82.56875278,31.80673056,1,1,2019,236,15,66,19,69.90135476735921
-89.7819312,32.9744163,1,1,2017,54,20,60,20,50.01111769352292
-83.60780278,33.10387778,1,1,2020,123,19,66,15,46.94001382170005
-80.737913,35.462704,1,1,2017,351,20,65,15,59.944469187788485
-92.8224,30.9561,1,1,2017,40,38,49,13,43.13601895734596
-81.7178,28.6767,1,1,2017,123,21,64,15,61.312653028986624
-79.271301,35.407578,1,1,2019,43,33,54,13,51.7124230998214
-85.668,32.278,1,1,2017,77,44,47,9,40.320300930039686
-78.88696,35.977824,1,1,2019,274,20,61,19,59.34626016902298
-85.557,34.58,1,1,2017,78,43,46,11,44.198503129998635
-93.16196648,31.02933553,1,1,2020,57,48,44,8,48.15242589996247
-79.557414,35.026679,1,1,2019,304,21,66,13,58.95956085617252
-78.534658,35.51727,1,1,2019,147,16,67,17,62.89156364785339
-84.88527778,34.48888889,1,1,2019,35,42,47,11,62.64598913326784
-89.38416229,34.71522819,1,1,2017,329,44,46,10,47.706828102470915
-81.3684,30.1385,1,0,2017,124,33,57,10,49.16821235058952
-82.74189167,31.53503333,1,1,2020,287,40,47,13,53.110806113985554
-81.993404,36.169029,1,1,2019,80,41,53,6,39.952186277995054
-90.96888889,31.42472222,1,1,2017,299,58,33,9,28.564340013821692
-85.242,31.498,1,1,2018,61,45,43,12,44.874508797219654
-80.9574,27.2551,1,0,2020,179,26,66,8,68.73467090582353
-89.47831866,30.61774576,1,1,2020,172,45,46,9,47.26027721833902
-85.3334,30.6992,1,1,2017,40,40,51,9,53.59577367433595
-79.86084,33.02647,1,1,2017,97,49,40,11,35.65600189595923
-90.7418,30.8157,1,1,2019,266,56,33,11,36.89165547745045
-83.9659,30.67353611,1,1,2017,85,32,57,11,47.119061722544735
-81.56207318,29.13094547,1,0,2020,307,35,56,9,46.192251490857394
-84.60897778,31.18641667,1,1,2019,265,5,73,22,73.91288379899298
-79.673874,33.474281,1,1,2018,72,30,58,12,50.74860302102873
-82.0058,28.2199,1,1,2020,34,29,63,8,64.07720109017657
-81.26255,33.862324,1,1,2018,189,17,69,14,62.8511363180889
-79.542147,36.41496,1,1,2019,277,43,47,10,47.83911360404487
-78.127385,35.788316,1,1,2017,40,12,71,17,59.65338362196641
-77.827459,36.168677,1,1,2019,179,33,55,12,53.28743780112153
-90.8401,30.6764,1,1,2019,273,40,50,10,43.67250939009122
-81.5481,26.7908,1,1,2017,127,37,56,7,57.84387219084482
-84.97468611,34.53917222,1,1,2019,335,28,62,10,62.93073900768028
-85.6833,34.2889,1,1,2019,70,48,43,9,43.46306683520303
-80.12608,36.516329,1,1,2018,109,37,51,12,50.292701710043026
-85.04668611,31.6148,1,1,2019,162,27,62,11,53.32113254164345
-81.5023,29.2525,1,0,2020,141,60,34,6,37.26661137768302
-92.2157,32.8629,1,1,2019,146,32,57,11,38.73117408906882
-78.651881,36.123042,1,1,2019,206,27,61,12,48.660433615038286
-78.741706,34.201452,1,1,2019,79,32,56,12,59.46762504689878
-81.001945,32.985729,1,1,2017,55,57,34,9,43.376918063866334
-89.24277778,33.59305556,1,1,2018,216,48,43,9,39.75666067584382
-82.74072222,32.28088333,1,1,2020,341,37,52,11,60.49051945486866
-87.402717,35.48815,1,1,2017,25,35,58,7,43.00685147889272
-78.106333,34.990546,1,1,2018,18,16,68,16,62.21265672820617
-87.49555556,32.99694444,1,1,2019,272,47,42,11,36.10514881598956
-82.53608333,32.16652778,1,1,2017,174,49,39,12,45.65117702820128
-83.74234444,31.498925,1,1,2018,22,4,68,28,68.53307270070687
-82.8813,32.15333889,1,1,2018,48,41,46,13,52.126165086887866
-81.4803,26.9998,1,0,2020,196,36,52,12,60.07292078034911
-77.555119,36.003932,1,1,2018,73,38,52,10,50.17945427262673
-82.67852778,31.93025,1,1,2017,306,10,61,29,57.457094341112814
-79.671877,34.902069,1,1,2017,32,33,56,11,53.669978255231705
-79.708954,34.174702,1,1,2019,36,23,63,14,57.974489090729605
-81.7315,28.5932,1,1,2017,126,2,66,32,65.21251194858549
-87.30439,32.99723,1,-1,2019,258,39,52,9,40.39063456638951
-84.57055556,33.13527778,1,0,2017,204,45,45,10,46.78057738635914
-81.3824,29.9137,1,1,2017,112,16,71,13,52.89303841216551
-81.45529444,32.63034722,1,1,2019,61,12,71,17,61.764812730754805
-81.3412,29.8659,1,1,2017,319,10,68,22,60.297223648355114
-82.773186,34.746109,1,1,2020,5,58,30,12,44.257321142947376
-81.0997,26.6602,1,1,2017,78,6,79,15,65.25864792291895
-84.91206667,30.90095,1,1,2018,22,9,74,17,72.31702211690363
-78.70408,36.1705,1,1,2017,107,20,67,13,48.14692757286152
-87.7,30.977,1,1,2017,344,49,42,9,35.49710720139012
-78.972494,35.425197,1,1,2018,121,35,54,11,55.52412826284406
-89.83054514,31.51575389,1,1,2018,58,24,63,13,37.796781518412445
-86.998,32.343,1,1,2019,259,22,66,12,60.32983164183826
-84.7553,30.6951,1,1,2019,144,24,67,9,56.266945722352794
-83.26775833,32.19949167,1,1,2017,86,22,64,14,56.507987283533744
-83.133233,36.539333,1,1,2017,346,27,60,13,43.28716976661533
-80.178719,33.359371,1,1,2019,79,34,55,11,52.953855267055026
-79.73333,33.799999,1,1,2017,54,59,27,14,47.32544822683831
-80.270988,33.583271,1,1,2019,218,5,78,17,64.6394944707741
-84.30075,32.48659167,1,1,2019,269,22,76,2,62.97781991270172
-79.726758,35.209729,1,1,2019,247,18,44,38,57.684362229285526
-86.0197,30.2867,1,1,2017,26,28,55,17,48.7675350190085
-85.762,34.298,1,1,2019,260,42,49,9,57.40582485931486
-81.56225556,32.12538611,1,1,2019,336,43,46,11,41.88697128865366
-83.936117,36.188433,1,1,2020,94,32,53,15,49.020205411811176
-85.666,33.908,1,1,2019,258,46,45,9,45.17529518619436
-79.466649,35.256057,1,1,2017,159,30,58,12,54.25657479071236
-83.43566111,31.24145,1,1,2019,268,13,73,14,68.18432224306449
-86.375,31.68,1,1,2017,252,39,51,10,41.7340312067944
-81.100962,35.887459,1,1,2019,73,36,52,12,57.13747136424677
-80.5151,25.6015,1,1,2020,107,3,82,15,70.97912717219594
-83.57866111,31.72215556,1,1,2018,19,35,53,12,61.665468620403665
-83.5288,30.1494,1,0,2019,195,55,32,13,37.72819540706512
-85.3515,30.4373,1,1,2017,183,42,47,11,49.411361661796064
-81.520126,34.768097,1,1,2020,57,31,56,13,49.68490417749832
-78.99683,35.679445,1,1,2017,88,48,41,11,38.24466363397777
-76.353408,34.93724,1,-1,2019,261,45,47,8,51.85555193899375
-83.70697222,33.032775,1,1,2020,63,49,41,10,38.68205421841374
-83.268217,36.435167,1,1,2019,319,42,48,10,39.1018525833465
-83.38851667,32.29845,1,1,2017,183,1,73,26,71.74755192292507
-81.99694444,35.8325,1,1,2018,88,20,69,11,39.86670483937845
-85.807017,35.12035,1,1,2019,83,58,36,6,28.59233518273539
-77.316103,35.577352,1,1,2019,141,24,65,11,62.10921117583178
-79.468544,35.706242,1,1,2018,87,37,53,10,53.747788309636654
-83.80666111,30.94184167,1,1,2018,73,23,65,12,65.44239085362238
-81.2523,28.9884,1,0,2020,179,41,54,5,61.34261343442721
-82.08361111,30.65361111,1,0,2019,145,31,56,13,43.345437671543955
-81.3956,30.0564,1,0,2019,195,24,63,13,53.33245794171076
-85.686,34.107,1,1,2019,275,24,65,11,63.215982465493745
-77.796556,34.928398,1,1,2020,121,10,74,16,61.69912535291912
-79.786893,35.388307,1,1,2020,151,18,65,17,46.80256739409497
-80.396454,33.154488,1,1,2018,80,50,38,12,55.402341744659
-89.0414,33.6928,1,1,2017,72,46,42,12,46.14960598818953
-89.14472222,30.72055556,1,1,2020,63,12,66,22,54.8447029546532
-89.48993889,31.69266944,1,1,2020,359,22,55,23,44.31503169869451
-82.69930556,33.52030556,1,1,2019,207,31,58,11,50.41573366506723
-84.65791667,33.69513889,1,1,2017,85,36,52,12,48.29758919580625
-84.59553056,34.60899444,1,1,2017,97,60,33,7,34.25992948992277
-81.834175,34.49654,1,1,2017,350,50,41,9,45.83092750933037
-82.14749444,31.81637222,1,1,2020,203,35,56,9,58.693164317024085
-82.14841389,32.57323889,1,1,2017,76,28,59,13,55.93262908480595
-76.941644,35.506997,1,1,2019,71,26,62,12,52.58158731412548
-79.521161,34.700704,1,1,2019,182,29,59,12,62.838164441987196
-80.087151,34.883924,1,1,2020,116,2,58,40,60.48621751836346
-81.255745,32.905693,1,1,2018,72,35,55,10,49.46137898353277
-79.158472,35.863233,1,1,2019,38,39,52,9,41.732992357668984
-82.602501,34.223888,1,1,2018,320,36,52,12,44.65956119162638
-81.32103889,32.11960556,1,1,2019,261,14,62,24,55.21532933185909
-86.364,33.5,1,1,2019,255,30,61,9,50.3536741908091
-89.43296972,30.45201781,1,1,2020,69,15,71,14,58.37140657084185
-79.218667,34.809,1,1,2017,38,13,72,15,66.21810212060184
-82.13991667,30.42130556,1,1,2017,85,37,57,6,45.6357891826781
-80.815,36.419,1,1,2019,90,46,44,10,46.911068988666436
-79.447624,35.220487,1,1,2020,306,34,57,9,50.32606592017697
-79.76339,33.520008,1,1,2018,22,23,62,15,55.37333886223169
-80.7782,27.3759,1,1,2017,76,7,85,8,68.6052210659347
-82.17782222,31.63312778,1,1,2020,70,36,54,10,46.28779620853083
-88.129,31.834,1,1,2019,38,42,46,12,45.16549490481081
-82.51655556,32.22883333,1,1,2018,93,15,68,17,54.55390327231077
-78.823151,34.006676,1,1,2020,334,26,63,11,50.78680172975532
-83.8962,35.069417,1,1,2020,84,55,35,10,32.00957551826258
-79.931288,35.950616,1,1,2019,2,25,64,11,58.31556705306186
-80.679617,36.119683,1,1,2020,306,11,69,20,57.953003435883254
-82.204407,34.526035,1,1,2017,34,33,57,10,50.91539783162511
-82.92011944,31.70702222,1,1,2018,14,6,78,16,68.32595342958152
-83.63490556,31.39349722,1,1,2017,267,4,71,25,60.74947150093737
-82.6758,30.0396,1,1,2019,177,21,70,9,64.2320088474603
-79.893712,34.947637,1,1,2018,24,34,55,11,45.768938632801536
-82.12561944,30.51370556,1,1,2018,120,14,71,15,61.06162110917995
-79.10485,34.410267,1,1,2018,108,50,38,12,56.937581454128946
-83.35914167,33.06638889,1,1,2019,331,43,46,11,49.90664560086898
-83.097359,35.289056,1,1,2020,319,62,31,7,27.266528436018966
-84.610275,30.99998611,1,1,2019,75,4,76,20,70.06780798925814
-84.23816667,31.27041389,1,1,2020,82,17,69,14,66.88952512587622
-78.816362,36.283603,1,1,2020,87,36,54,10,48.03030781684998
-82.68991,35.685842,1,1,2020,319,54,38,8,53.19131585182845
-83.71666667,31.22944444,1,1,2019,140,40,49,11,55.439470826340205
-80.5014,27.2665,1,0,2017,93,21,65,14,59.255548534870876
-84.02839722,34.57674722,1,1,2017,319,46,48,6,49.0832428376804
-82.0639,29.7569,1,1,2020,86,41,51,8,58.321163012392766
-87.0923,35.3338,1,1,2019,322,16,68,16,54.260477977483724
-76.978233,36.358733,1,1,2020,100,27,56,17,48.81515492623973
-82.52990833,33.45227778,1,1,2020,320,41,49,10,56.25500108611936
-81.427,26.777,1,1,2017,110,26,51,23,61.40142180094784
-93.325,31.2244,1,1,2018,48,40,48,12,48.63344257938792
-79.50767,36.158899,1,1,2020,201,20,64,16,51.777297233248376
-80.183513,35.023019,1,1,2017,35,21,66,13,55.61764938193597
-82.71218889,31.55189722,1,1,2018,274,30,54,16,53.49856829716226
-81.4831,26.8251,1,1,2018,80,15,73,12,69.74009637031479
-79.382485,35.302876,1,1,2017,46,13,71,16,56.89525238960422
-82.9798,30.5228,1,1,2019,50,18,65,17,61.800639785158566
-80.9573,27.6245,1,1,2019,12,31,66,3,62.493819847569384
-80.43935,35.300933,1,1,2017,270,15,69,16,62.418432433499895
-82.02236389,32.04408333,1,1,2019,257,46,45,9,56.86412463962715
-80.743614,33.43169,1,1,2018,93,22,65,13,64.26137956910682
-80.588495,35.134662,1,1,2017,66,17,69,14,60.02416822983514
-82.24555556,31.47385278,1,0,2019,175,9,76,15,65.01812653028982
-80.036088,36.364325,1,1,2017,65,31,59,10,54.190548599865714
-78.246129,35.234516,1,1,2017,56,11,72,17,67.13329120672972
-77.884225,35.080511,1,1,2018,20,9,73,18,66.45657925914226
-82.3333,26.8873,1,1,2017,104,10,66,24,50.51587824482804
-82.59822222,32.34904167,1,1,2018,31,21,65,14,59.36583535730506
-89.79675253,32.85193606,1,1,2017,212,56,35,9,32.28458287249169
-85.5505,30.4311,1,1,2020,87,22,75,3,70.26171103562685
-93.6852,30.3233,1,1,2020,74,32,58,10,50.54012912397086
-82.91387222,32.44398611,1,1,2020,295,37,54,9,44.989673623314346
-76.785342,35.033789,1,1,2019,85,40,50,10,46.990995657197494
-85.786,34.443,1,1,2017,29,34,55,11,52.76012953163257
-88.075,31.011,1,1,2020,318,38,52,10,44.3474972850232
-86.896,31.021,1,1,2017,331,34,55,11,48.998775429587184
-90.36444444,31.24138889,1,1,2020,164,35,53,12,38.36224157336651
-84.20318333,34.95904444,1,1,2020,305,56,35,9,28.926660216030474
-81.902962,33.574268,1,1,2019,6,22,63,15,50.36439924967916
-87.618,32.967,1,1,2019,254,48,45,7,57.37289474203802
-82.936691,35.142088,1,1,2020,341,65,28,7,33.61542135197326
-84.20484167,33.20236944,1,1,2017,91,35,55,10,50.16850981476364
-83.31713333,31.78689444,1,1,2020,134,34,57,9,42.33466292800441
-81.545,26.54,1,1,2017,97,22,65,13,62.984420661875035
-82.60027778,32.40888889,1,1,2017,288,5,78,17,57.30279395794256
-79.63955277,33.05140644,1,1,2020,280,52,37,11,35.564646404802815
-82.1503,29.8558,1,1,2017,85,40,55,5,54.59422167519596
-80.324791,33.396908,1,1,2018,71,17,71,12,61.22015522246577
-84.92878611,31.30191667,1,1,2020,58,41,50,9,60.399601129474945
-82.510437,35.36867,1,1,2019,79,47,44,9,54.25313981042656
-81.5136,26.1024,1,0,2018,156,26,66,8,62.088914777663646
-79.957991,34.955817,1,1,2017,53,21,65,14,54.00475955366841
-84.27301667,31.74315556,1,1,2019,262,6,70,24,66.36693389147774
-83.77494722,30.98500278,1,1,2017,134,15,73,12,65.35103588568722
-82.413215,35.449797,1,1,2019,91,56,37,7,32.75652568810963
-88.237,30.4,1,1,2020,133,28,61,11,49.43422455669208
-82.33097222,31.70640833,1,1,2017,302,25,64,11,61.47669734191714
-83.591867,35.0731,1,1,2018,98,63,27,10,28.968980155987754
-81.225995,35.344556,1,1,2018,65,45,43,12,55.59493345970066
-82.58759444,33.15397778,1,1,2018,99,46,43,11,48.61852575874257
-93.0365,30.4593,1,1,2020,325,15,68,17,55.70501125459072
-88.33,31.126,1,1,2020,19,56,34,10,31.87225052323975
-84.44194444,32.38416667,1,1,2019,212,22,65,13,60.134010595448345
-82.01183333,31.57438889,1,1,2017,24,28,58,14,65.91666995774257
-90.0584,30.8814,1,1,2017,38,62,30,8,30.59254798199196
-80.114128,33.119152,1,1,2018,93,9,69,22,56.689933654529646
-84.38252404,30.35178568,1,1,2020,110,50,40,10,45.94687888781372
-83.18793611,32.21893611,1,1,2019,115,37,52,11,57.69463312534554
-82.95544167,31.92138611,1,1,2019,247,27,58,15,53.061902693310174
-83.02381667,30.71590556,1,1,2020,91,31,62,7,48.19685661256563
-79.192074,35.313255,1,1,2019,271,39,50,11,47.66445484527126
-82.181,26.9947,1,0,2018,172,23,72,5,61.248297821211146
-88.0966,35.928333,1,1,2018,108,23,59,18,48.35276812509875
-82.82200278,31.67917222,1,1,2017,45,15,72,13,63.239843580273714
-82.63433056,33.283175,1,1,2017,10,5,62,33,51.90490294808761
-81.9036,29.6669,1,1,2018,65,21,69,10,66.46507652554163
-80.908813,34.138447,1,1,2017,266,22,62,16,60.72056471517423
-79.792434,34.963129,1,1,2019,87,22,63,15,55.619056082148475
-90.29405529,32.47821958,1,1,2017,48,26,60,14,47.458532443426414
-83.12083333,33.70277778,1,1,2017,28,43,46,11,45.41090751125502
-82.2535,28.9972,1,1,2017,109,36,53,11,58.96569701996564
-78.849148,34.767962,1,1,2019,195,19,64,17,57.04835715978197
-82.3879,27.5666,1,0,2020,185,27,67,6,68.39699871655644
-89.65992985,32.94255697,1,1,2017,48,35,56,9,32.64711806172618
-81.505069,35.483173,1,1,2019,280,27,60,13,60.20745216515608
-81.9981,26.8604,1,1,2020,86,29,58,13,65.76078028747432
-80.1031,34.82229,1,1,2019,324,49,41,10,55.812508639927366
-78.782683,34.532691,1,1,2017,67,3,71,26,62.00317886548066
-79.91083333,33.22111111,1,1,2017,16,63,27,10,32.20965544476255
-81.9832,29.6082,1,1,2018,336,29,62,9,62.22528790268561
-79.740907,34.88151,1,1,2018,28,4,76,20,65.19134778659713
-84.52746667,31.15928889,1,1,2020,72,30,59,11,67.02573064770931
-89.38464036,30.7232621,1,1,2019,90,41,48,11,44.86561358475667
-86.494,32.056,1,1,2019,270,18,72,10,41.621472719733035
-81.7259,29.623,1,1,2017,133,24,65,11,53.03594266813674
-92.8069,30.9052,1,1,2019,321,43,46,11,49.78812614477984
-81.8915,27.6754,1,1,2018,64,16,70,14,63.63874032008261
-76.178659,36.234123,1,1,2018,110,12,70,18,65.36174623859732
-81.0653,28.8092,1,1,2017,99,36,55,9,50.17411825111583
-82.489247,35.784801,1,1,2017,80,34,54,12,48.40740887010781
-81.695289,36.404166,1,1,2018,19,28,57,15,36.277225963152375
-81.46055556,29.04111111,1,1,2017,122,31,58,11,48.52516572063669
-81.36161944,31.71521667,1,1,2019,194,45,45,10,43.80468616749104
-78.634434,36.241148,1,1,2020,62,46,44,10,50.49820321446903
-79.309467,35.496255,1,1,2017,271,41,48,11,46.362270187010004
-83.82138056,31.23396389,1,1,2020,6,16,64,20,62.93321484992104
-81.083425,36.13873,1,1,2017,64,34,54,12,54.31840982700054
-81.50950278,31.81361111,1,1,2020,18,33,58,9,42.02973405200497
-85.682,33.793,1,1,2017,45,50,43,7,50.373825132296034
-82.357,31.79755556,1,1,2019,140,16,72,12,70.41220605366554
-78.80889,36.004167,1,1,2017,72,39,46,15,50.989021404312425
-86.357,34.396,1,1,2017,28,38,52,10,43.61956155143337
-89.08027778,31.13027778,1,1,2017,37,43,47,10,40.23122802859738
-84.48371111,31.37700833,1,1,2018,343,17,71,12,58.04587463959872
-84.5679,30.5583,1,1,2018,176,29,59,12,47.66648895207632
-87.021,33.959,1,1,2020,320,43,48,9,45.87980569871452
-82.30295,32.65121111,1,1,2017,290,44,43,13,50.38613431273819
-80.441307,36.449731,1,1,2020,20,26,59,15,56.78263788779402
-81.559607,35.86002,1,1,2017,98,21,63,16,54.00460065159441
-80.882317,36.249683,1,1,2017,35,35,57,8,55.46159619220664
-88.2049,35.206067,1,1,2018,23,18,66,16,60.58094260272083
-82.1607,29.0226,1,1,2018,70,13,79,8,73.35876475930966
-82.856805,35.131996,1,1,2017,61,69,23,8,27.534752809654556
-92.4922,32.7578,1,1,2018,75,48,39,13,39.186856974883234
-88.548167,36.1386,1,1,2017,90,23,66,11,62.84066899670243
-80.977234,32.734734,1,1,2017,12,46,44,10,43.56547325184148
-77.782828,34.752199,1,1,2019,282,21,64,15,60.190803372228494
-89.02,33.9275,1,1,2018,283,49,42,9,63.51965953749234
-81.516212,33.676102,1,1,2020,99,29,60,11,56.35584118146458
-83.1016,30.3481,1,1,2017,89,20,66,14,64.84914005884329
-78.813747,34.244461,1,1,2017,65,5,76,19,66.00874767979145
-86.515,33.765,1,1,2017,25,49,42,9,40.01145430128762
-81.5553,26.2354,1,1,2019,248,26,64,10,62.411894795039885
-83.967433,36.1816,1,1,2019,31,41,49,10,48.51451192544624
-82.5524,29.4329,1,1,2020,85,18,68,14,69.4501095949922
-77.634736,35.342063,1,1,2017,291,29,59,12,58.50975397859655
-82.14339444,31.21531389,1,1,2017,48,49,39,12,46.067407743795265
-88.48416667,30.47472222,1,1,2019,90,30,58,12,46.39608632979882
-83.87972222,31.08861111,1,1,2017,299,23,63,14,55.96706486326388
-81.263632,35.634018,1,1,2017,57,26,62,12,58.48053076376273
-92.8313,30.9665,1,1,2017,323,32,57,11,43.1714849921011
-93.3232,31.7994,1,1,2017,344,60,31,9,29.25242392527795
-84.871167,35.475167,1,-1,2019,272,28,62,10,52.15874895064254
-89.9192,30.7302,1,1,2017,82,41,48,11,42.65995379968018
-85.0481,30.4012,1,1,2018,73,20,69,11,49.29590782677791
-82.70257222,31.86661944,1,1,2019,79,49,40,11,49.37897460204605
-77.249541,34.806442,1,1,2017,135,15,65,20,51.06354032974628
-93.6268,30.4018,1,1,2017,77,54,36,10,33.63125987361769
-82.99355833,32.55519722,1,1,2019,14,26,66,8,63.86173258821904
-81.149199,35.309426,1,1,2019,81,19,61,20,52.46201232032854
-81.1999,28.5472,1,1,2020,66,8,73,19,60.90170602638022
-81.5385,30.5846,1,1,2019,364,37,55,8,61.32847608893101
-81.6405,29.7847,1,1,2019,324,30,60,10,53.89230343846899
-79.773995,34.926009,1,1,2017,15,12,71,17,60.62078091363339
-85.21825833,34.15341944,1,1,2017,75,34,55,11,47.91915679885557
-81.0053,27.4669,1,1,2018,117,17,69,14,73.87768278476516
-80.448024,35.903681,1,1,2018,71,26,60,14,55.970914619698235
-75.857671,35.752341,1,1,2019,231,25,61,14,45.41868088467612
-82.46916667,32.38602778,1,1,2017,234,50,40,10,36.652705371248025
-80.5189,27.6558,1,0,2020,163,21,69,10,69.14737943836647
-87.2361,35.981367,1,1,2017,65,26,65,9,57.05086486059554
-79.264633,33.438995,1,1,2018,129,32,57,11,47.261523661372166
-86.9703,30.8305,1,1,2017,232,16,67,17,52.02047464855472
-82.813,29.7488,1,0,2019,146,48,43,9,48.34364695428965
-89.64111111,30.84444444,1,1,2020,119,37,53,10,41.895758461356195
-85.28808056,34.473975,1,1,2017,150,52,40,8,37.43106240126382
-80.058754,34.357475,1,1,2018,125,10,69,21,67.25891763776414
-77.303932,36.33256,1,1,2019,152,7,71,22,55.35287031734437
-79.83027778,33.31138889,1,1,2018,92,53,32,15,37.00059238196789
-80.4804,34.53154,1,1,2018,181,8,78,14,69.50644683581795
-78.503044,34.351541,1,1,2017,29,50,38,12,46.51231313071467
-78.171209,36.422887,1,1,2019,257,17,67,16,57.81744401879861
-81.11793,35.879131,1,1,2020,98,21,67,12,60.08492112069815
-82.52214444,32.54791111,1,1,2018,72,48,41,11,40.82644840251176
-82.356725,31.79789722,1,1,2018,74,18,67,15,66.08778407408138
-80.755089,34.217506,1,1,2018,17,22,65,13,57.52481485138737
-83.697425,31.48579444,1,1,2017,95,32,58,10,58.89409557661928
-87.20333333,34.25833333,1,1,2017,62,61,29,10,40.2991390545397
-83.23683056,34.16370556,1,1,2018,72,26,62,12,55.06214209549387
-80.129654,34.216148,1,1,2020,65,4,75,21,66.18195102685624
-78.895969,36.428207,1,1,2018,7,21,64,15,47.93299478343344
-89.36643124,33.40124323,1,1,2018,22,49,40,11,38.91109224451114
-86.79,32.171,1,1,2019,264,58,30,12,38.325077521676434
-85.43,30.7931,1,1,2020,357,15,67,18,66.96915542742049
-86.652,33.479,1,1,2020,86,55,37,8,44.22428670842033
-86.957,34.249,1,1,2019,262,16,65,19,63.79852264422981
-80.5203,25.6427,1,1,2020,110,14,80,6,67.77608403759578
-88.7572,34.2514,1,1,2018,261,19,68,13,66.35231066243009
-81.546,26.219,1,1,2017,95,28,64,8,66.786430771661
-83.264465,35.339172,1,1,2019,80,37,53,10,42.123773227226955
-81.624,29.5429,1,1,2017,60,43,48,9,48.41832362523449
-87.688,30.691,1,1,2018,18,56,33,11,39.36414621141807
-81.70818611,32.62550833,1,1,2020,196,9,73,18,58.60082930200415
-87.274,33.0,1,1,2018,105,50,39,11,33.812235870295034
-78.1824,36.15605,1,1,2019,88,33,55,12,53.35017772511848
-86.183917,35.4167,1,-1,2019,86,56,34,10,43.21224806518144
-82.42184167,32.43389444,1,1,2017,54,26,64,10,59.51405892109629
-89.30367434,30.45941256,1,1,2020,82,26,65,9,58.68299763033178
-78.740496,36.443654,1,1,2018,31,30,59,11,42.162006871223795
-81.3664,27.0283,1,0,2017,141,48,48,4,60.62051666930003
-82.9782,30.0983,1,1,2017,83,6,77,17,69.89892965756941
-86.25,33.616,1,1,2020,318,21,64,15,51.90401058430915
-79.881851,35.122794,1,1,2017,271,29,61,10,45.571795276834365
-82.0968,27.0462,1,1,2018,32,23,69,8,68.80462039688024
-82.2591,29.0026,1,1,2017,99,30,59,11,57.939652448657185
-81.233,27.4466,1,1,2017,117,23,52,25,62.788537471373274
-84.44485,33.03435556,1,1,2017,14,48,42,10,47.41515917529029
-93.6276,31.457,1,1,2019,245,74,16,10,39.75423399070262
-84.73746111,32.13446111,1,1,2019,52,54,35,11,35.67900381174332
-90.3996,30.8579,1,1,2019,76,31,56,13,43.5530171392465
-86.904,31.856,1,1,2017,259,36,58,6,33.32765293629792
-84.38072222,34.48525556,1,1,2019,277,60,29,11,34.51095258247184
-82.38738333,31.26174444,1,1,2020,6,33,57,10,64.19520960448632
-83.388249,35.267169,1,1,2017,60,40,47,13,42.59441526126628
-81.8197,27.3053,1,1,2017,44,23,59,18,56.299962482475365
-80.5478,27.7575,1,1,2020,74,25,69,6,65.19337703882151
-87.791,33.906,1,1,2019,251,29,59,12,54.033825678290754
-89.03970097,30.91240822,1,1,2017,41,50,39,11,35.782430991588676
-85.817,33.207,1,1,2019,246,31,59,10,44.934085029916446
-85.889,33.709,1,1,2020,8,31,59,10,52.98370981754995
-85.745,31.923,1,1,2019,246,43,48,9,48.47280086879255
-82.476,30.0077,1,0,2018,157,42,49,9,48.208964359759115
-82.66391667,31.87059444,1,1,2020,307,17,67,16,52.027668062248196
-79.480585,35.300922,1,1,2017,34,40,49,11,49.158777178742774
-81.4742,27.4372,1,1,2018,62,46,51,3,68.45442462254158
-83.25005556,32.57611111,1,1,2017,52,26,60,14,58.34575969987163
-80.882308,36.543958,1,1,2019,91,25,61,14,38.08591404645285
-78.325214,35.155866,1,1,2019,146,3,74,23,68.39881105208062
-80.194389,33.768349,1,1,2019,137,16,71,13,64.52997393570809
-80.621786,35.075997,1,1,2017,109,9,72,19,66.00339605504766
-77.6603,34.709633,1,1,2019,207,43,47,10,43.95159474671669
-89.188519,30.8655777,1,1,2017,76,63,34,3,43.16737501729694
-93.6675,30.3912,1,1,2019,352,40,48,12,33.78134997432757
-80.897972,32.449146,1,1,2019,102,34,54,12,44.074644549763036
-79.50943,33.723267,1,1,2017,67,32,55,13,55.688307072621726
-81.6947,29.965,1,1,2019,16,35,55,10,51.874354217780684
-85.729667,35.895833,1,1,2020,65,23,64,13,55.42468952121176
-83.48123611,32.70482778,1,1,2020,198,22,62,16,49.53354929187983
-85.725,32.851,1,1,2018,51,50,38,12,45.279305783165825
-80.107259,34.932533,1,1,2017,55,35,50,15,46.61559580477593
-83.28809444,30.71667778,1,1,2019,272,31,56,13,54.760974325747135
-80.1911,35.429817,1,1,2018,17,21,63,16,51.554438827896675
-93.20972222,31.01638889,1,1,2019,334,41,48,11,47.95981834337051
-85.314,31.675,1,1,2019,261,63,21,16,48.658366081478704
-92.4303,31.8103,1,1,2017,327,44,47,9,35.048117361344225
-78.861995,36.048456,1,1,2018,24,47,44,9,51.74788687890037
-85.2693,30.7811,1,1,2019,79,15,68,17,63.43748519074324
-79.965897,33.900032,1,1,2019,321,33,55,12,56.88764044943822
-76.963514,35.530517,1,1,2017,39,7,60,33,61.00922323385939
-80.6852,28.208,1,0,2018,169,12,73,15,69.46183160887767
-83.0554,30.2404,1,1,2019,270,20,69,11,62.88192661637504
-82.4183,29.8434,1,1,2018,49,68,27,5,48.80443154215298
-80.970221,35.664225,1,1,2018,86,36,48,16,42.13209208034358
-79.124629,35.512322,1,1,2017,361,36,52,12,48.910020732550116
-79.76591281,33.01430643,1,1,2020,69,61,32,7,39.201147144047944
-80.6273,27.9718,1,1,2019,284,18,62,20,61.96745784131746
-84.43557019,30.06303288,1,1,2017,78,30,60,10,52.278196824895346
-89.64722222,32.38583333,1,1,2020,99,58,32,10,31.530468780853834
-78.439681,33.940515,1,1,2018,100,23,64,13,45.30888305329041
-81.205,28.975,1,1,2017,184,42,52,6,58.8383886255924
-88.64,30.436389,1,0,2019,211,23,63,14,55.381172034816096
-87.913,33.639,1,1,2018,225,34,55,11,48.21834337052029
-81.8621,26.7162,1,1,2020,88,12,66,22,69.16284625560229
-81.1121,27.2437,1,1,2019,63,22,63,15,65.48878578479764
-81.3445,29.7839,1,0,2017,172,29,61,10,44.43305625209784
-81.70445556,32.14513611,1,1,2018,49,16,63,21,52.418679517310856
-85.82735,35.375883,1,1,2017,101,60,29,11,34.89390019944314
-93.373,31.1248,1,1,2018,259,24,62,14,45.16022793932789
-80.8203,27.7461,1,0,2017,123,33,59,8,53.62856917183364
-78.637883,34.412267,1,1,2017,15,27,59,14,57.827746943451366
-80.0149,34.045982,1,1,2017,42,13,70,17,52.96072740196661
-86.61777778,31.00888889,1,1,2018,58,56,32,12,42.28567760793143
-84.25888611,31.86852778,1,1,2019,269,9,59,32,66.93497235387049
-82.8596,30.3954,1,1,2019,146,29,58,13,56.99650418707536
-81.0088,27.5149,1,1,2018,70,15,68,17,72.22144775294211
-80.705833,35.112,1,1,2017,321,31,56,13,60.46203519026836
-82.6757,30.2333,1,1,2018,28,31,56,13,52.79795825681731
-83.336862,35.163738,1,1,2018,5,48,41,11,47.9950426607679
-89.17881375,32.63964597,1,1,2019,187,20,68,12,46.08804770649446
-88.57277778,34.76333333,1,1,2017,25,16,73,11,62.64187121107403
-81.0929,28.8064,1,0,2020,108,59,34,7,49.31712615530454
-84.46498056,34.63608333,1,0,2017,79,48,41,11,41.728595687544434
-78.609973,34.313554,1,1,2019,145,36,51,13,54.21759478672984
-86.616,31.873,1,1,2020,278,51,39,10,43.021879504749144
-82.05788889,33.19583333,1,1,2017,65,21,63,16,61.763194787244515
-81.83545833,32.79836667,1,1,2018,2,42,47,11,44.24405126281076
-84.19100556,30.79286389,1,1,2017,25,40,49,11,49.93448384803728
-82.860816,35.523211,1,1,2019,329,64,28,8,54.49430213497126
-81.8218,31.22753056,1,1,2019,127,39,52,9,46.00926163628823
-81.3003,27.76,1,1,2020,200,12,73,15,59.420295006219995
-82.1868,29.9109,1,1,2017,46,42,50,8,49.76753543907636
-89.13365271,30.39850727,1,1,2020,99,43,47,10,51.22853587722941
-78.8375,34.176333,1,1,2019,162,20,66,14,65.97794538669612
-83.80015833,31.10385833,1,1,2017,60,42,46,12,59.05983648643313
-87.559,31.843,1,1,2018,139,35,55,10,38.225748479342755
-82.08066389,33.36265,1,1,2019,253,6,80,14,73.41878603585818
-81.281967,34.725922,1,1,2019,36,37,53,10,44.42611392005057
-79.745006,35.089886,1,1,2020,66,24,65,11,53.882161265477826
-90.6245,30.8738,1,1,2019,8,54,34,12,44.90226662454586
-82.33793333,31.79222222,1,1,2019,143,14,72,14,67.97198033291863
-86.274,33.383,1,1,2019,256,39,50,11,45.6958221450008
-78.903858,34.352133,1,1,2017,34,21,68,11,53.27351372703927
-80.165042,36.333799,1,1,2017,65,29,61,10,50.933687474081225
-83.57333333,35.15638889,1,1,2018,107,77,16,7,25.494461009853698
-82.77731389,31.47113056,1,1,2020,7,34,56,10,50.71969038780507
-81.8259,26.7384,1,1,2017,118,24,70,6,63.12378564094462
-82.0653,27.0613,1,1,2017,122,29,61,10,53.991470373368614
-77.099418,35.61733,1,1,2019,121,39,50,11,58.20857114644024
-83.5006,30.3166,1,0,2018,269,47,44,9,41.44647828920089
-80.036583,35.917117,1,1,2017,327,21,58,21,60.226331273323225
-82.24113056,31.25227778,1,1,2017,13,5,78,17,67.65702210021135
-87.700967,35.424433,1,1,2017,52,30,62,8,51.184221436891676
-83.02968056,31.63298889,1,1,2017,28,2,77,21,63.437610015624664
-82.5585,29.3719,1,1,2017,361,6,78,16,71.49527119079114
-81.889716,35.387656,1,1,2017,266,27,63,10,53.03633132589594
-82.057999,35.69424,1,1,2017,67,17,66,17,56.804158110882966
-81.3511,27.3828,1,0,2017,147,20,54,26,64.57595745557981
-91.019,30.766,1,1,2019,320,52,37,11,43.2734489159196
-84.8922,29.8299,1,1,2018,267,41,47,12,45.745527074528994
-82.260887,34.414268,1,1,2020,7,34,55,11,49.36314084840822
-92.42,31.38,1,1,2019,309,2,64,34,55.099466824644495
-89.84721918,34.5747965,1,1,2018,65,19,67,14,60.250863856254334
-89.33148122,31.00546284,1,1,2019,254,52,37,11,38.73079125609684
-81.1436,28.8139,1,0,2017,190,30,60,10,56.34616071605768
-82.72666667,35.95666667,1,0,2018,132,73,21,6,24.72580071877098
-82.71830556,32.97954167,1,1,2017,98,18,61,21,60.74168575716881
-85.4603,30.0497,1,0,2017,46,27,63,10,46.565460940553216
-88.034,33.72,1,1,2019,72,45,44,11,36.51881762893927
-82.244797,33.96423,1,1,2018,170,43,46,11,39.57283643401667
-82.606102,34.122547,1,1,2018,168,48,41,11,40.21517135346924
-76.975,34.9757,1,1,2017,24,42,47,11,44.471179479078195
-76.930408,36.339713,1,1,2017,174,16,68,16,47.13562769024207
-79.916759,36.304263,1,1,2017,34,44,48,8,51.15280109002587
-80.493,25.3732,1,0,2019,217,29,57,14,53.95543048973144
-86.56,32.088,1,1,2019,270,48,40,12,49.15536031589342
-84.32113889,34.89080556,1,1,2019,79,39,51,10,50.89536146600582
-81.23233,26.1585,1,1,2018,74,46,43,11,52.214897902760754
-77.926639,35.991353,1,1,2017,363,4,75,21,52.74150801801089
-83.05224444,31.15319722,1,1,2018,61,23,65,12,51.35772534307434
-84.19633889,30.94001389,1,1,2017,229,27,58,15,61.03663256842689
-82.3381,28.4806,1,1,2019,273,23,65,12,52.04697144267961
-79.210283,34.90339,1,1,2017,344,11,71,18,61.25306057973304
-80.099258,34.319489,1,1,2019,335,14,69,17,61.675217726168604
-84.15071111,30.78835833,1,1,2018,27,48,41,11,40.23532431631946
-79.4098,35.171249,1,1,2017,127,14,69,17,57.4027012617736
-81.86308333,33.01413889,1,1,2019,78,30,58,12,56.247699356214696
-89.1877884,30.6030566,1,1,2017,79,57,32,11,40.984655186033635
-83.56985,31.72632222,1,1,2017,72,61,26,13,58.711055822127435
-85.495,34.012,1,1,2017,133,27,61,12,51.03422128315001
-83.76290278,34.97271111,1,1,2020,103,49,36,15,48.09532174014873
-79.6638,36.396434,1,1,2020,6,16,70,14,53.880198254413315
-81.2231,26.4282,1,1,2020,18,10,85,5,69.26230252764614
-77.004063,36.3439,1,1,2020,99,44,44,12,52.98416521876481
-81.97519444,31.02511111,1,1,2020,184,53,37,10,44.085123607929845
-79.064056,35.969954,1,1,2017,186,16,58,26,49.83875681225812
-82.5973,29.4181,1,1,2018,4,5,78,17,74.44689042448175
-79.076126,34.281319,1,1,2018,23,41,50,9,47.11758664955068
-81.02623,33.851368,1,1,2018,236,28,59,13,59.16352362710059
-80.413263,36.196175,1,1,2018,58,39,51,10,47.49539925756261
-82.11024722,30.95183889,1,1,2017,94,30,59,11,50.366275625074046
-78.048868,35.314564,1,1,2020,65,19,69,12,64.50915230140393
-81.538765,33.123741,1,1,2017,67,16,72,12,65.72305049268378
-85.10866389,33.75268889,1,1,2018,31,40,51,9,44.30691726023024
-83.88567222,31.54410833,1,1,2019,275,15,71,14,62.4198491370799
-79.075554,34.568738,1,1,2019,146,34,55,11,57.695902853193815
-76.244967,36.5262,1,1,2020,31,26,62,12,45.619127549912115
-85.5873,30.2643,1,1,2017,62,42,48,10,43.204338664878854
-83.9007,30.5107,1,1,2017,61,32,57,11,48.627120317529275
-86.053,32.665,1,1,2020,319,32,57,11,49.40843568579439
-80.840906,35.668951,1,1,2019,111,15,73,12,59.71608253529471
-87.412,31.6,1,1,2018,133,46,45,9,34.0708672300766
-79.421368,36.045602,1,1,2018,7,28,61,11,62.13275279900477
-84.3986,30.6012,1,1,2017,75,49,40,11,48.67594731749703
-80.3243,26.7886,1,1,2017,44,17,71,12,70.12485437276624
-85.75245,35.3421,1,1,2020,312,28,54,18,38.51489781814592
-84.07063611,32.31606111,1,1,2017,77,34,53,13,56.41499970379731
-81.816666,33.900002,1,0,2018,52,37,50,13,49.054774504383516
-87.772,32.438,1,1,2017,104,50,38,12,50.312993993044635
-78.156211,34.286136,1,1,2017,81,35,54,11,47.26698789470566
-82.66504722,32.96493611,1,1,2020,264,42,50,8,60.41228520639938
-86.263,34.685,1,1,2017,101,64,30,6,34.69437643156148
-86.807,32.925,1,1,2018,2,30,55,15,53.93514838760699
-81.2437,29.1381,1,1,2019,320,38,54,8,42.27177411393029
-79.73333,33.650002,1,1,2019,146,21,64,15,52.650653556055715
-77.10565,36.239161,1,1,2018,72,30,55,15,51.07823236711163
-84.50719722,32.58817222,1,1,2017,276,34,56,10,54.68415440813507
-92.4509,32.5426,1,1,2017,44,51,39,10,34.66702864927833
-90.313,30.4827,1,1,2018,49,51,39,10,45.317024049283276
-82.699025,31.15128889,1,0,2019,210,51,40,9,41.780794597369756
-82.64734167,31.85389722,1,1,2018,31,13,70,17,64.13591485328384
-82.013229,34.060791,1,1,2017,28,38,51,11,39.97379748835005
-79.082,34.965141,1,1,2018,89,19,65,16,55.40404778359163
-82.7102,29.2285,1,1,2019,53,51,40,9,38.47512688350417
-80.47068,34.33247,1,1,2020,102,19,65,16,51.38319639753519
-90.474767,32.34143751,1,1,2018,99,34,55,11,50.710923307795596
-79.816666,33.5,1,1,2017,73,36,53,11,44.512520736235075
-83.408,30.86558333,1,1,2017,72,37,51,12,54.59188434695913
-78.856,35.986,1,1,2019,68,19,68,13,60.791106372055346
-82.90770278,32.38900556,1,1,2017,317,28,61,11,47.62401263823063
-84.20583056,32.82599722,1,1,2018,16,45,43,12,36.42488744964853
-90.09805556,34.35055556,1,1,2019,276,5,73,22,61.20269336334736
-85.35896667,35.5108,1,1,2020,288,64,25,11,28.262154903432197
-88.72976291,31.7883516,1,1,2017,48,59,31,10,37.18273540387387
-79.349915,33.396858,1,1,2018,72,21,64,15,49.367535545023706
-81.784813,35.144051,1,1,2020,68,15,66,19,61.032483560751174
-79.062781,36.069183,1,1,2018,117,44,48,8,50.761477853912815
-85.859,31.206,1,1,2019,141,21,65,14,65.63717320906719
-79.933861,34.653954,1,1,2019,149,32,56,12,55.48435771843893
-85.24,33.024,1,1,2017,93,72,18,10,42.1299719516774
-83.0005,30.5527,1,1,2017,85,7,77,16,63.435812878892555
-89.43960097,30.33740588,1,1,2020,13,36,54,10,47.17229736400433
-86.477,31.668,1,1,2017,60,50,47,3,39.863929861975
-83.63420556,33.30263889,1,1,2017,29,57,34,9,46.23517099755156
-82.777,30.1334,1,1,2019,145,13,71,16,61.15280876690691
-81.92779,35.731474,1,1,2019,37,42,49,9,49.129184390604784
-79.760913,34.916327,1,1,2018,18,14,68,18,64.3550457085316
-81.7502,30.1789,1,1,2018,61,3,80,17,61.495508124864216
-87.645,32.938,1,1,2018,235,33,56,11,43.34905120154811
-82.00753611,32.34099722,1,1,2019,282,24,62,14,65.37304236200254
-81.2551,26.7721,1,1,2018,97,16,78,6,70.82989141164856
-82.87523056,33.01506667,1,1,2020,134,23,62,15,46.7052083745597
-80.555,27.0309,1,1,2020,183,11,75,14,68.40550364776654
-83.16,30.74805556,1,1,2017,303,5,78,17,56.459783960978676
-78.106711,35.639345,1,1,2018,100,6,74,20,64.20156783760837
-78.579502,36.16555,1,1,2018,90,30,60,10,48.4737787781858
-89.33589884,30.55495083,1,1,2019,259,52,35,13,40.66643628680322
-82.557755,34.211517,1,1,2019,259,28,58,14,52.81810642709052
-82.4193,30.001,1,1,2017,196,29,59,12,53.13738498598112
-92.8855,31.1363,1,1,2019,231,32,56,12,34.578638706237776
-85.25,33.079,1,1,2019,267,28,61,11,40.60901139781542
-77.625317,35.228783,1,1,2018,86,24,62,14,63.704135165865424
-78.058549,34.944836,1,1,2019,163,31,56,13,57.91427217252208
-80.8469,28.4147,1,1,2018,74,21,68,11,63.637574560696436
-81.92655556,32.62005556,1,1,2018,54,30,58,12,57.312398783426154
-77.635843,34.696165,1,1,2019,130,42,47,11,48.8047667943604
-85.166,32.778,1,1,2019,149,22,65,13,49.67064260041867
-82.97777778,32.37083333,1,1,2019,333,21,67,12,58.490796697871026
-80.7128,26.3827,1,0,2018,152,36,47,17,57.12864619334455
-81.433104,35.812031,1,1,2017,127,27,59,14,61.91750745355105
-84.74138889,31.63055556,1,1,2019,63,37,52,11,55.4464984002844
-87.336,30.3766,1,1,2018,124,27,62,11,51.511287531806595
-81.46575833,32.45452778,1,1,2019,261,45,44,11,49.808132875143215
-86.288,33.643,1,1,2017,136,44,44,12,51.14821689506736
-79.259282,35.365169,1,1,2020,51,21,65,14,59.13059789906013
-83.32669444,31.16652778,1,1,2019,164,38,51,11,63.125826899152855
-81.69959444,32.38178056,1,1,2017,30,22,62,16,67.88480455093134
-89.73033878,31.49343513,1,1,2019,38,31,56,13,47.12600477949164
-79.89576,33.391094,1,1,2020,5,33,58,9,49.815524969886084
-90.5744,30.6875,1,1,2017,33,45,46,9,45.279076655740326
-83.16541667,32.74138889,1,1,2019,211,21,65,14,48.551169908184406
-80.324825,36.316565,1,1,2017,75,30,60,10,55.75559417771019
-83.2602,30.1385,1,1,2020,38,38,51,11,62.06609791259354
-79.241427,34.817993,1,1,2017,34,3,78,19,66.75685174946688
-79.216741,35.408784,1,1,2017,41,18,68,14,59.811774231771835
-81.42145833,31.56098333,1,1,2017,89,33,56,11,40.55064965838632
-78.013087,34.804513,1,1,2017,219,25,61,14,57.62876663638879
-80.342172,35.558453,1,1,2019,35,22,66,12,51.28570864431545
-83.29644167,32.26705278,1,1,2019,280,2,68,30,67.3728599356253
-78.213851,36.10822,1,1,2018,72,25,62,13,50.88721492743607
-87.1022,30.5579,1,1,2020,83,39,53,8,53.98206698450062
-90.84521,30.8888,1,1,2018,176,23,59,18,42.468483098761006
-79.764404,33.71043,1,1,2018,93,26,62,12,52.635959715639785
-82.224556,35.170643,1,1,2018,73,49,40,11,47.33879662723877
-79.764757,35.691687,1,1,2017,45,25,66,9,53.57010840590011
-76.746297,34.890558,1,1,2018,29,46,45,9,42.068033191106174
-82.41944444,31.14138889,1,0,2019,182,24,62,14,44.21489496130155
-81.6143,26.5183,1,0,2017,341,32,54,14,60.43885630788064
-93.2326,30.8652,1,1,2020,197,16,71,13,54.94013111128661
-81.4009,29.3036,1,0,2017,94,51,42,7,47.773742376301186
-84.62444434,35.10855671,1,1,2020,208,67,24,9,27.03651046405824
-83.15859722,30.72266667,1,1,2018,16,37,50,13,51.74811436243734
-82.81230278,31.93869722,1,1,2018,66,21,63,16,53.25579053373615
-86.454,33.225,1,1,2019,258,24,63,13,53.66370764239367
-87.34,31.053,1,1,2018,20,40,50,10,36.89643731732364
-87.817,33.47,1,1,2020,217,28,53,19,42.049742303667
-89.78020132,33.06339532,1,1,2020,167,30,57,13,41.566720638180215
-80.379982,32.751526,1,1,2019,83,54,34,12,40.060853769300635
-79.854752,34.108646,1,1,2019,199,52,36,12,46.11848912056235
-80.716019,34.668385,1,1,2017,9,15,69,16,55.93063618054732
-82.601462,35.252494,1,1,2020,106,64,28,8,34.89957349340495
-86.894,32.092,1,1,2019,35,46,42,12,28.75365868109731
-86.122,32.515,1,1,2019,81,36,54,10,48.743250982483154
-81.537942,35.461464,1,1,2019,266,16,69,15,64.01159002507549
-77.006488,36.510947,1,1,2017,93,21,59,20,55.45739219712525
-86.429567,36.1853,1,1,2018,216,4,78,18,57.419296236325565
-85.12,33.74305556,1,1,2019,99,53,38,9,49.159334149520184
-83.945275,32.55616944,1,1,2020,252,19,67,14,60.93502083045391
-87.0885,30.5354,1,0,2019,224,25,59,16,49.11193233309842
-85.47165,35.560267,1,1,2019,136,11,68,21,57.80260273702091
-82.0741,27.065,1,1,2020,87,32,56,12,61.952219238666856
-81.3031,27.7923,1,1,2020,300,24,62,14,60.0833859884685
-84.31813889,33.11775,1,1,2018,84,48,40,12,54.602187907270654
-82.09888889,35.68,1,1,2019,336,31,56,13,45.92005845527972
-78.80015,35.22161,1,1,2019,177,28,59,13,55.843331621973846
-87.585,30.964,1,1,2019,173,33,58,9,42.61482563879785
-81.99872222,30.84758333,1,1,2017,77,33,57,10,57.498173128197045
-88.800533,35.908483,1,1,2018,241,10,73,17,66.87477288885374
-81.019417,33.187126,1,1,2018,6,16,69,15,58.06251110628469
-86.9108,35.2377,1,1,2019,275,23,61,16,51.002468794438315
-80.568886,34.728279,1,1,2020,104,60,31,9,39.12985012736212
-86.935,32.467,1,1,2020,132,54,35,11,44.78771424058131
-83.73621667,32.03142222,1,1,2018,92,29,57,14,52.921492743607466
-77.828991,35.405636,1,1,2018,21,21,67,12,63.60733676874175
-80.322609,34.267025,1,1,2017,26,9,69,22,58.165093594502814
-81.1898,26.4507,1,0,2017,139,7,71,22,62.643260534734004
-89.3990251,30.4949968,1,1,2017,77,28,57,15,50.09736977212591
-93.5719,30.2908,1,1,2017,74,32,56,12,43.26877048856589
-82.6819,30.2518,1,1,2017,122,32,59,9,47.06884973929532
-83.80890833,31.68325278,1,1,2018,259,37,52,11,48.467393235799314
-87.684,33.826,1,1,2017,13,58,33,9,42.36614989631677
-79.170049,35.022666,1,1,2019,69,31,57,12,60.32376175053321
-79.318537,35.657002,1,1,2017,24,36,54,10,45.874323523602605
-82.57916667,30.7125,1,1,2019,139,22,62,16,45.936178195533245
-90.02997503,32.86944015,1,1,2020,217,21,65,14,58.710573087404725
-80.386803,32.906055,1,1,2018,18,45,44,11,28.676848652384226
-79.060609,34.339972,1,1,2018,48,47,41,12,40.41086449982228
-87.2198,30.7077,1,1,2017,97,32,56,12,54.2549460964341
-81.7848,27.7131,1,1,2017,75,28,65,7,58.90705159850718
-81.5794,26.5273,1,1,2020,101,4,80,16,76.12908003080386
-82.70894722,31.70290833,1,1,2018,76,25,61,14,62.86846210042057
-78.037226,34.37882,1,1,2018,17,38,51,11,47.926610577872594
-80.099617,36.058117,1,1,2017,46,20,64,16,60.47676209279367
-86.599,33.025,1,1,2017,96,48,42,10,40.74558759370166
-80.561419,35.077786,1,1,2017,363,17,69,14,64.42079589216944
-81.89913628,29.13178847,1,0,2020,226,39,52,9,50.3203738985473
-84.31991389,31.55739167,1,1,2018,51,27,56,17,55.69360954224099
-79.721137,35.014416,1,1,2020,93,16,68,16,55.89644549763035
-85.30230278,33.82015,1,1,2017,81,42,49,9,45.53296334334018
-82.42608333,32.20258333,1,1,2018,79,24,64,12,58.00333728278039
-78.600556,34.512413,1,1,2017,176,40,45,15,55.67572903709845
-78.686925,35.306023,1,1,2017,65,32,55,13,61.11570737486425
-82.87953056,32.15463611,1,1,2017,130,39,49,12,55.783978042375075
-83.35755556,32.79033333,1,1,2018,172,13,68,19,51.86449982228193
-79.183852,34.850248,1,1,2020,91,19,65,16,60.87201105736004
-92.3671,31.6653,1,1,2017,27,46,36,18,33.60109785956875
-93.647,31.5001,1,1,2017,95,22,64,14,47.86233755585614
-83.74372222,32.54822222,1,1,2020,70,7,73,20,61.34106705631468
-79.806282,34.700291,1,0,2019,188,55,32,13,54.409695892575016
-88.199,33.273,1,1,2017,96,42,49,9,40.37543935863511
-81.63816667,31.04246389,1,1,2017,74,31,55,14,50.57338599177883
-93.3488,31.0719,1,1,2017,71,56,33,11,40.48874540931169
-79.593811,33.737164,1,1,2019,54,44,43,13,60.26255924170614
-81.85121111,31.25320833,1,1,2017,120,42,46,12,50.42608060343977
-84.28225,34.77933333,1,1,2019,76,59,31,10,32.64327185117896
-76.95938,35.158015,1,1,2019,141,27,64,9,44.02073255010368
-81.0561,27.2358,1,1,2020,92,18,74,8,72.96621848407668
-77.152713,35.748321,1,1,2017,83,36,54,10,55.594426449676085
-81.98460833,32.35084722,1,1,2018,2,29,55,16,66.54859287054408
-79.7813,35.443924,1,1,2017,24,38,50,12,51.19046114347781
-79.514408,35.71886,1,1,2019,273,38,53,9,46.996623422783024
-84.88382778,31.15601111,1,1,2018,20,6,78,16,70.04946389431908
-80.85517,25.524,1,0,2019,169,16,62,22,56.381992299338535
-85.284,32.296,1,1,2018,335,20,65,15,41.011454075083414
-77.981086,36.120044,1,1,2018,70,48,39,13,41.07572317109293
-77.733117,35.436767,1,1,2017,65,5,70,25,67.44807977095468
-81.805595,33.610844,1,1,2019,339,33,56,11,47.73370432423807
-85.1693,30.6731,1,1,2017,124,4,80,16,68.14074995557137
-79.271197,35.393876,1,1,2017,29,39,51,10,55.31882504713706
-92.517,30.905,1,0,2018,207,58,30,12,34.14415748529006
-82.50806389,31.59747222,1,1,2017,56,45,44,11,54.664961990324805
-87.650617,35.5595,1,1,2019,84,39,51,10,30.429877567140604
-85.621,33.497,1,1,2019,76,46,44,10,51.522380397654324
-81.651253,36.525647,1,1,2017,62,26,62,12,31.34819700620087
-84.39345,33.02139444,1,1,2017,42,31,58,11,49.55944787820148
-90.36801813,31.42840284,1,1,2018,136,57,30,13,42.16584720494442
-80.9606,29.0383,1,0,2017,195,22,72,6,61.007675855038244
-86.397367,35.3457,1,1,2017,76,19,70,11,57.06245187276641
-83.4441,30.596,1,1,2019,89,20,68,12,56.00247322336795
-81.209667,35.351714,1,1,2020,308,36,51,13,52.22883096366512
-79.695007,34.858175,1,1,2019,151,24,65,11,58.79296659031674
-93.0918,31.9432,1,1,2019,80,46,43,11,40.13532229866266
-82.148994,34.67065,1,1,2017,42,41,48,11,53.36377278022388
-90.30305556,31.68527778,1,1,2020,249,13,71,16,54.4139202124497
-87.366,32.629,1,1,2019,270,26,62,12,45.85331516802908
-86.84111584,30.48306123,1,1,2020,319,30,60,10,61.866311216429715
-89.964,30.9424,1,1,2019,274,30,57,13,42.27374323737313
-78.650967,34.427397,1,1,2018,72,44,44,12,57.32917292045185
-82.43604722,32.96096389,1,1,2017,162,11,73,16,52.75603831341956
-90.56722222,32.13527778,1,1,2019,6,17,65,18,60.2588627969901
-88.075,34.326,1,1,2020,116,33,56,11,40.5709771703926
-80.206811,36.254686,1,1,2020,321,54,36,10,46.94648393530677
-85.99,32.3,1,1,2018,18,35,53,12,51.58333497916378
-81.878665,35.497487,1,1,2017,329,53,40,7,40.540063975989256
-86.302,34.633,1,1,2019,340,39,54,7,54.11142704816062
-83.41080556,34.78466667,1,1,2017,94,61,31,8,38.136358141596475
-77.868139,35.593145,1,1,2018,108,28,60,12,60.329792065717534
-83.22865278,32.23944722,1,1,2018,69,19,68,13,58.12827752329802
-79.958766,34.96624,1,1,2017,357,31,58,11,48.454502369668226
-79.221967,34.888035,1,1,2019,271,7,75,18,62.76598013467346
-84.35472222,33.02083333,1,1,2017,124,31,60,9,46.69771896909252
-79.717575,34.197105,1,1,2018,106,6,60,34,63.22800331727349
-87.531,34.138,1,1,2018,300,34,55,11,45.583071666962894
-81.226892,35.707426,1,1,2020,97,16,68,16,59.46091575019249
-89.8854906,31.9172657,1,1,2017,80,48,42,10,40.55389475762662
-81.669067,33.668118,1,1,2018,144,37,51,12,67.17144549763033
-81.5873,26.5538,1,1,2018,31,13,73,14,73.50663402306115
-80.605103,32.828671,1,1,2019,81,32,57,11,39.00185620347148
-89.15333333,31.09277778,1,1,2017,53,31,56,13,46.69404679632737
-82.2364,27.7317,1,1,2020,123,10,54,36,66.42411974960012
-88.36622507,34.94844002,1,1,2018,91,44,47,9,38.4247146186357
-81.722672,35.344241,1,1,2018,52,25,61,14,53.825596777696596
-79.038071,36.142589,1,1,2017,363,49,43,8,46.30404217926188
-82.76031667,32.65827222,1,1,2017,305,37,51,12,58.97173891576968
-83.106786,35.267427,1,1,2020,309,48,43,9,33.14330620933886
-81.98143056,32.49167778,1,1,2018,281,54,36,10,50.7745738944957
-84.65972222,33.64694444,1,1,2017,48,48,42,10,44.016863473006566
-80.453949,33.948765,1,1,2017,328,29,58,13,62.95594478782017
-78.691868,35.113104,1,1,2020,93,32,56,12,55.201322934149474
-84.155933,35.033317,1,1,2019,339,41,48,11,45.467652750898544
-90.58166667,31.02138889,1,1,2020,71,36,55,9,47.5086091146039
-88.90373751,30.85501471,1,1,2020,73,46,44,10,31.094642892403698
-80.272758,33.717316,1,1,2019,200,47,43,10,61.65717557854828
-81.1351,28.1791,1,1,2019,154,17,68,15,55.09635246953808
-82.487075,31.87776667,1,1,2017,101,13,54,33,52.5170003554081
-79.326562,35.21852,1,1,2019,180,16,62,22,60.62432859399682
-84.35802222,32.69676667,1,1,2017,88,25,58,17,38.447987836183394
-84.933533,36.326267,1,1,2018,91,51,37,12,33.671379487382026
-84.461,34.49529167,1,1,2018,84,48,44,8,43.60686359687229
-85.6649,30.9233,1,1,2019,255,35,55,10,56.42995359857836
-82.5951,29.4887,1,1,2017,30,23,65,12,66.83704259562784
-85.19560278,34.78825556,1,1,2018,100,30,60,10,52.223582614190605
-92.436,31.033,1,1,2018,148,49,36,15,39.60656385142472
-92.4596,30.9179,1,1,2017,320,55,43,2,42.17648104265402
-87.349,33.886,1,1,2019,257,27,60,13,52.83269488981917
-77.549654,36.104975,1,1,2020,185,58,30,12,39.04319232136509
-83.18896389,31.12476389,1,1,2017,78,32,53,15,55.24443610655819
-83.64722222,31.74222222,1,1,2018,123,13,68,19,62.2262153943367
-78.937405,35.260119,1,1,2020,100,35,54,11,53.11439573459716
-83.291,30.152,1,1,2018,127,15,70,15,69.69098161568687
-83.9451,30.4367,1,1,2017,76,38,54,8,47.18489552474621
-86.843,32.825,1,1,2019,38,50,39,11,43.69608404589349
-82.5925,30.20694444,1,0,2019,180,49,40,11,39.81497571185974
-79.075114,35.257486,1,1,2017,349,11,68,21,56.98489485635305
-92.4839,31.1375,1,1,2020,162,43,47,10,42.228651553100846
-80.200554,32.561943,1,1,2019,173,32,56,12,44.084524130493385
-79.126741,34.759679,1,1,2017,42,30,57,13,61.42730485950677
-92.8646,31.4019,1,1,2020,320,51,43,6,48.478476363492774
-83.80556667,34.23687222,1,1,2018,93,29,58,13,50.970182852178034
-81.4023,29.4664,1,0,2019,194,46,45,9,58.65925648062228
-80.433334,34.700001,1,1,2020,106,38,48,14,57.36840234583261
-88.485,30.45639,1,1,2019,143,34,55,11,49.023583321811664
-81.364601,33.32148,1,1,2018,29,18,70,12,62.62350432413223
-79.522484,33.650311,1,1,2018,64,27,60,13,51.175088363643525
-88.531417,35.120133,1,1,2017,60,24,64,12,56.81804897314373
-81.92439167,32.16300278,1,1,2017,192,40,48,12,59.94332991074956
-77.477422,35.850654,1,1,2017,259,16,70,14,62.39652823034542
-80.5384,27.4806,1,1,2017,41,14,71,15,73.59035264384151
-81.45671667,32.69276389,1,1,2017,48,25,59,16,43.96360943824662
-80.399,26.6936,1,1,2017,100,21,65,14,65.25568215477574
-79.617221,35.274972,1,1,2020,183,8,78,14,58.849249605055334
-80.233147,33.401035,1,1,2019,117,28,59,13,42.6353992886147
-87.819167,36.431883,1,1,2019,226,49,43,8,37.01467074735905
-78.265638,36.07969,1,1,2017,360,35,54,11,49.10903740569579
-82.150921,35.36264,1,1,2017,39,33,58,9,51.349379035283455
-87.652333,36.312267,1,1,2018,350,49,41,10,46.91718500088856
-82.7874,28.1539,1,1,2017,65,31,60,9,61.817725087649535
-84.61771389,30.86499167,1,1,2017,54,51,38,11,44.93484425349085
-80.679779,33.359715,1,1,2020,129,37,52,11,59.19230997096985
-82.82328333,32.832675,1,1,2017,117,4,67,29,50.880311167272154
-85.3602,30.6171,1,1,2019,283,19,70,11,66.28567742447704
-82.85100278,31.05474167,1,1,2020,196,39,51,10,34.782767541521025
-85.8867,30.4448,1,1,2017,97,37,53,10,49.589202851331876
-92.1975,31.5188,1,1,2020,227,16,65,19,44.19311652153309
-84.55584167,31.889175,1,1,2018,70,6,77,17,51.47385569290313
-80.507509,36.355032,1,1,2020,95,23,63,14,52.37565907699598
-82.388056,30.777778,1,0,2020,247,45,46,9,38.163050131300956
-78.846745,34.563006,1,1,2017,49,28,59,13,54.49677164576959
-93.4407,31.1749,1,1,2019,84,48,41,11,32.9315049559689
-89.9917884,32.07079658,1,1,2019,265,47,43,10,41.21132127625968
-82.5149,29.1797,1,1,2017,0,27,61,12,64.05988153998027
-85.2055,34.02581944,1,1,2017,103,33,57,10,60.03410616952366
-76.954,35.95495,1,1,2020,5,42,46,12,41.28608099836109
-81.11982,32.314854,1,1,2018,66,35,54,11,38.96030805687203
-79.450714,33.104534,1,1,2017,120,47,42,11,38.08646972868371
-83.88800278,31.19470278,1,1,2018,173,40,49,11,61.260131132000964
-79.578993,35.039295,1,1,2020,196,38,51,11,57.64780221950161
-81.4945,27.4837,1,1,2020,86,13,72,15,68.71191164327004
-80.793587,34.237854,1,1,2017,88,31,57,12,42.94787244545366
-81.6455,29.2769,1,1,2019,79,33,54,13,44.96124442225481
-78.770505,34.429829,1,1,2019,137,18,65,17,54.247892273974756
-83.3594,35.4658,1,1,2019,357,31,58,11,44.424943722601824
-87.262,33.738,1,1,2019,7,45,43,12,50.71981992654897
-78.043083,34.895476,1,1,2019,214,22,64,14,57.78189178515007
-79.326459,34.747715,1,1,2018,66,31,57,12,62.66061802744591
-86.0261,30.98,1,1,2020,71,11,70,19,56.87771261576131
-81.72722222,29.46694444,1,0,2019,179,38,51,11,46.044819143895104
-80.4537,25.4034,1,1,2017,26,34,58,8,57.50476093797586
-81.4736,27.5154,1,1,2020,100,3,73,24,70.64367531251725
-80.4616,25.5881,1,1,2017,62,19,47,34,66.25277914897822
-80.2415,26.2821,1,1,2019,4,14,70,16,61.88854440253562
-79.582382,35.734287,1,1,2019,145,22,60,18,60.550874906189506
-81.790176,35.282702,1,1,2017,128,17,71,12,59.85232500740449
-77.474793,35.455364,1,1,2018,16,5,75,20,64.7811191848985
-85.948,32.988,1,1,2017,48,44,46,10,47.30529059778423
-76.183194,36.146616,1,1,2017,258,16,68,16,63.585645857250306
-81.7151,31.85686389,1,1,2018,105,35,53,12,53.356152752547196
-84.6754,32.718925,1,1,2017,48,42,49,9,46.3600695061509
-81.240388,35.702608,1,1,2017,54,26,62,12,59.44902553166281
-89.80527778,31.21166667,1,1,2019,335,46,41,13,49.389474318058646
-80.4969,25.6529,1,1,2019,13,9,78,13,67.39022752409541
-82.6286,29.0433,1,1,2020,109,53,39,8,46.724179469963275
-84.6959,30.96576111,1,1,2017,57,24,64,12,65.33017396283789
-79.204267,34.868733,1,1,2019,91,13,69,18,62.77880894084195
-80.685318,33.1992,1,1,2018,50,35,54,11,48.942641077281515
-77.317872,35.99206,1,1,2017,57,15,72,13,66.00199443138958
